pk_id,ck_id,f1
1,c1,val-1
2,c2,val-2
3,c3,val-3
4,c4,val-4
5,c5,val-5
6,c6,val-6
7,c7,val-7
8,c8,val-8
9,c9,val-9
10,c10,val-10
11,c11,val-11
12,c12,val-12
13,c13,val-13
14,c14,val-14
15,c15,val-15
16,c16,val-16
17,c17,val-17
18,c18,val-18
19,c19,val-19
20,c20,val-20
21,c21,val-21
22,c22,val-22
23,c23,val-23
24,c24,val-24
25,c25,val-25
26,c26,val-26
27,c27,val-27
28,c28,val-28
29,c29,val-29
30,c30,val-30
31,c31,val-31
32,c32,val-32
33,c33,val-33
34,c34,val-34
35,c35,val-35
36,c36,val-36
37,c37,val-37
38,c38,val-38
39,c39,val-39
40,c40,val-40
41,c41,val-41
42,c42,val-42
43,c43,val-43
44,c44,val-44
45,c45,val-45
46,c46,val-46
47,c47,val-47
48,c48,val-48
49,c49,val-49
50,c50,val-50
51,c51,val-51
52,c52,val-52
53,c53,val-53
54,c54,val-54
55,c55,val-55
56,c56,val-56
57,c57,val-57
58,c58,val-58
59,c59,val-59
60,c60,val-60
61,c61,val-61
62,c62,val-62
63,c63,val-63
64,c64,val-64
65,c65,val-65
66,c66,val-66
67,c67,val-67
68,c68,val-68
69,c69,val-69
70,c70,val-70
71,c71,val-71
72,c72,val-72
73,c73,val-73
74,c74,val-74
75,c75,val-75
76,c76,val-76
77,c77,val-77
78,c78,val-78
79,c79,val-79
80,c80,val-80
81,c81,val-81
82,c82,val-82
83,c83,val-83
84,c84,val-84
85,c85,val-85
86,c86,val-86
87,c87,val-87
88,c88,val-88
89,c89,val-89
90,c90,val-90
91,c91,val-91
92,c92,val-92
93,c93,val-93
94,c94,val-94
95,c95,val-95
96,c96,val-96
97,c97,val-97
98,c98,val-98
99,c99,val-99
100,c100,val-100
101,c101,val-101
102,c102,val-102
103,c103,val-103
104,c104,val-104
105,c105,val-105
106,c106,val-106
107,c107,val-107
108,c108,val-108
109,c109,val-109
110,c110,val-110
111,c111,val-111
112,c112,val-112
113,c113,val-113
114,c114,val-114
115,c115,val-115
116,c116,val-116
117,c117,val-117
118,c118,val-118
119,c119,val-119
120,c120,val-120
121,c121,val-121
122,c122,val-122
123,c123,val-123
124,c124,val-124
125,c125,val-125
126,c126,val-126
127,c127,val-127
128,c128,val-128
129,c129,val-129
130,c130,val-130
131,c131,val-131
132,c132,val-132
133,c133,val-133
134,c134,val-134
135,c135,val-135
136,c136,val-136
137,c137,val-137
138,c138,val-138
139,c139,val-139
140,c140,val-140
141,c141,val-141
142,c142,val-142
143,c143,val-143
144,c144,val-144
145,c145,val-145
146,c146,val-146
147,c147,val-147
148,c148,val-148
149,c149,val-149
150,c150,val-150
151,c151,val-151
152,c152,val-152
153,c153,val-153
154,c154,val-154
155,c155,val-155
156,c156,val-156
157,c157,val-157
158,c158,val-158
159,c159,val-159
160,c160,val-160
161,c161,val-161
162,c162,val-162
163,c163,val-163
164,c164,val-164
165,c165,val-165
166,c166,val-166
167,c167,val-167
168,c168,val-168
169,c169,val-169
170,c170,val-170
171,c171,val-171
172,c172,val-172
173,c173,val-173
174,c174,val-174
175,c175,val-175
176,c176,val-176
177,c177,val-177
178,c178,val-178
179,c179,val-179
180,c180,val-180
181,c181,val-181
182,c182,val-182
183,c183,val-183
184,c184,val-184
185,c185,val-185
186,c186,val-186
187,c187,val-187
188,c188,val-188
189,c189,val-189
190,c190,val-190
191,c191,val-191
192,c192,val-192
193,c193,val-193
194,c194,val-194
195,c195,val-195
196,c196,val-196
197,c197,val-197
198,c198,val-198
199,c199,val-199
200,c200,val-200
201,c201,val-201
202,c202,val-202
203,c203,val-203
204,c204,val-204
205,c205,val-205
206,c206,val-206
207,c207,val-207
208,c208,val-208
209,c209,val-209
210,c210,val-210
211,c211,val-211
212,c212,val-212
213,c213,val-213
214,c214,val-214
215,c215,val-215
216,c216,val-216
217,c217,val-217
218,c218,val-218
219,c219,val-219
220,c220,val-220
221,c221,val-221
222,c222,val-222
223,c223,val-223
224,c224,val-224
225,c225,val-225
226,c226,val-226
227,c227,val-227
228,c228,val-228
229,c229,val-229
230,c230,val-230
231,c231,val-231
232,c232,val-232
233,c233,val-233
234,c234,val-234
235,c235,val-235
236,c236,val-236
237,c237,val-237
238,c238,val-238
239,c239,val-239
240,c240,val-240
241,c241,val-241
242,c242,val-242
243,c243,val-243
244,c244,val-244
245,c245,val-245
246,c246,val-246
247,c247,val-247
248,c248,val-248
249,c249,val-249
250,c250,val-250
251,c251,val-251
252,c252,val-252
253,c253,val-253
254,c254,val-254
255,c255,val-255
256,c256,val-256
257,c257,val-257
258,c258,val-258
259,c259,val-259
260,c260,val-260
261,c261,val-261
262,c262,val-262
263,c263,val-263
264,c264,val-264
265,c265,val-265
266,c266,val-266
267,c267,val-267
268,c268,val-268
269,c269,val-269
270,c270,val-270
271,c271,val-271
272,c272,val-272
273,c273,val-273
274,c274,val-274
275,c275,val-275
276,c276,val-276
277,c277,val-277
278,c278,val-278
279,c279,val-279
280,c280,val-280
281,c281,val-281
282,c282,val-282
283,c283,val-283
284,c284,val-284
285,c285,val-285
286,c286,val-286
287,c287,val-287
288,c288,val-288
289,c289,val-289
290,c290,val-290
291,c291,val-291
292,c292,val-292
293,c293,val-293
294,c294,val-294
295,c295,val-295
296,c296,val-296
297,c297,val-297
298,c298,val-298
299,c299,val-299
300,c300,val-300
301,c301,val-301
302,c302,val-302
303,c303,val-303
304,c304,val-304
305,c305,val-305
306,c306,val-306
307,c307,val-307
308,c308,val-308
309,c309,val-309
310,c310,val-310
311,c311,val-311
312,c312,val-312
313,c313,val-313
314,c314,val-314
315,c315,val-315
316,c316,val-316
317,c317,val-317
318,c318,val-318
319,c319,val-319
320,c320,val-320
321,c321,val-321
322,c322,val-322
323,c323,val-323
324,c324,val-324
325,c325,val-325
326,c326,val-326
327,c327,val-327
328,c328,val-328
329,c329,val-329
330,c330,val-330
331,c331,val-331
332,c332,val-332
333,c333,val-333
334,c334,val-334
335,c335,val-335
336,c336,val-336
337,c337,val-337
338,c338,val-338
339,c339,val-339
340,c340,val-340
341,c341,val-341
342,c342,val-342
343,c343,val-343
344,c344,val-344
345,c345,val-345
346,c346,val-346
347,c347,val-347
348,c348,val-348
349,c349,val-349
350,c350,val-350
351,c351,val-351
352,c352,val-352
353,c353,val-353
354,c354,val-354
355,c355,val-355
356,c356,val-356
357,c357,val-357
358,c358,val-358
359,c359,val-359
360,c360,val-360
361,c361,val-361
362,c362,val-362
363,c363,val-363
364,c364,val-364
365,c365,val-365
366,c366,val-366
367,c367,val-367
368,c368,val-368
369,c369,val-369
370,c370,val-370
371,c371,val-371
372,c372,val-372
373,c373,val-373
374,c374,val-374
375,c375,val-375
376,c376,val-376
377,c377,val-377
378,c378,val-378
379,c379,val-379
380,c380,val-380
381,c381,val-381
382,c382,val-382
383,c383,val-383
384,c384,val-384
385,c385,val-385
386,c386,val-386
387,c387,val-387
388,c388,val-388
389,c389,val-389
390,c390,val-390
391,c391,val-391
392,c392,val-392
393,c393,val-393
394,c394,val-394
395,c395,val-395
396,c396,val-396
397,c397,val-397
398,c398,val-398
399,c399,val-399
400,c400,val-400
400,c401,val-401
400,c402,val-402
400,c403,val-403
400,c404,val-404
400,c405,val-405
400,c406,val-406
400,c407,val-407
400,c408,val-408
400,c409,val-409
400,c410,val-410
400,c411,val-411
400,c412,val-412
400,c413,val-413
400,c414,val-414
400,c415,val-415
400,c416,val-416
400,c417,val-417
400,c418,val-418
400,c419,val-419
400,c420,val-420
400,c421,val-421
400,c422,val-422
400,c423,val-423
400,c424,val-424
400,c425,val-425
400,c426,val-426
400,c427,val-427
400,c428,val-428
400,c429,val-429
400,c430,val-430
400,c431,val-431
400,c432,val-432
400,c433,val-433
400,c434,val-434
400,c435,val-435
400,c436,val-436
400,c437,val-437
400,c438,val-438
400,c439,val-439
400,c440,val-440
400,c441,val-441
400,c442,val-442
400,c443,val-443
400,c444,val-444
400,c445,val-445
400,c446,val-446
400,c447,val-447
400,c448,val-448
400,c449,val-449
400,c450,val-450
400,c451,val-451
400,c452,val-452
400,c453,val-453
400,c454,val-454
400,c455,val-455
400,c456,val-456
400,c457,val-457
400,c458,val-458
400,c459,val-459
400,c460,val-460
400,c461,val-461
400,c462,val-462
400,c463,val-463
400,c464,val-464
400,c465,val-465
400,c466,val-466
400,c467,val-467
400,c468,val-468
400,c469,val-469
400,c470,val-470
400,c471,val-471
400,c472,val-472
400,c473,val-473
400,c474,val-474
400,c475,val-475
400,c476,val-476
400,c477,val-477
400,c478,val-478
400,c479,val-479
400,c480,val-480
400,c481,val-481
400,c482,val-482
400,c483,val-483
400,c484,val-484
400,c485,val-485
400,c486,val-486
400,c487,val-487
400,c488,val-488
400,c489,val-489
400,c490,val-490
400,c491,val-491
400,c492,val-492
400,c493,val-493
400,c494,val-494
400,c495,val-495
400,c496,val-496
400,c497,val-497
400,c498,val-498
400,c499,val-499
500,c500,val-500
500,c501,val-501
500,c502,val-502
500,c503,val-503
500,c504,val-504
500,c505,val-505
500,c506,val-506
500,c507,val-507
500,c508,val-508
500,c509,val-509
500,c510,val-510
500,c511,val-511
500,c512,val-512
500,c513,val-513
500,c514,val-514
500,c515,val-515
500,c516,val-516
500,c517,val-517
500,c518,val-518
500,c519,val-519
500,c520,val-520
500,c521,val-521
500,c522,val-522
500,c523,val-523
500,c524,val-524
500,c525,val-525
500,c526,val-526
500,c527,val-527
500,c528,val-528
500,c529,val-529
500,c530,val-530
500,c531,val-531
500,c532,val-532
500,c533,val-533
500,c534,val-534
500,c535,val-535
500,c536,val-536
500,c537,val-537
500,c538,val-538
500,c539,val-539
500,c540,val-540
500,c541,val-541
500,c542,val-542
500,c543,val-543
500,c544,val-544
500,c545,val-545
500,c546,val-546
500,c547,val-547
500,c548,val-548
500,c549,val-549
500,c550,val-550
500,c551,val-551
500,c552,val-552
500,c553,val-553
500,c554,val-554
500,c555,val-555
500,c556,val-556
500,c557,val-557
500,c558,val-558
500,c559,val-559
500,c560,val-560
500,c561,val-561
500,c562,val-562
500,c563,val-563
500,c564,val-564
500,c565,val-565
500,c566,val-566
500,c567,val-567
500,c568,val-568
500,c569,val-569
500,c570,val-570
500,c571,val-571
500,c572,val-572
500,c573,val-573
500,c574,val-574
500,c575,val-575
500,c576,val-576
500,c577,val-577
500,c578,val-578
500,c579,val-579
500,c580,val-580
500,c581,val-581
500,c582,val-582
500,c583,val-583
500,c584,val-584
500,c585,val-585
500,c586,val-586
500,c587,val-587
500,c588,val-588
500,c589,val-589
500,c590,val-590
500,c591,val-591
500,c592,val-592
500,c593,val-593
500,c594,val-594
500,c595,val-595
500,c596,val-596
500,c597,val-597
500,c598,val-598
500,c599,val-599
600,c600,val-600
600,c601,val-601
600,c602,val-602
600,c603,val-603
600,c604,val-604
600,c605,val-605
600,c606,val-606
600,c607,val-607
600,c608,val-608
600,c609,val-609
600,c610,val-610
600,c611,val-611
600,c612,val-612
600,c613,val-613
600,c614,val-614
600,c615,val-615
600,c616,val-616
600,c617,val-617
600,c618,val-618
600,c619,val-619
600,c620,val-620
600,c621,val-621
600,c622,val-622
600,c623,val-623
600,c624,val-624
600,c625,val-625
600,c626,val-626
600,c627,val-627
600,c628,val-628
600,c629,val-629
600,c630,val-630
600,c631,val-631
600,c632,val-632
600,c633,val-633
600,c634,val-634
600,c635,val-635
600,c636,val-636
600,c637,val-637
600,c638,val-638
600,c639,val-639
600,c640,val-640
600,c641,val-641
600,c642,val-642
600,c643,val-643
600,c644,val-644
600,c645,val-645
600,c646,val-646
600,c647,val-647
600,c648,val-648
600,c649,val-649
600,c650,val-650
600,c651,val-651
600,c652,val-652
600,c653,val-653
600,c654,val-654
600,c655,val-655
600,c656,val-656
600,c657,val-657
600,c658,val-658
600,c659,val-659
600,c660,val-660
600,c661,val-661
600,c662,val-662
600,c663,val-663
600,c664,val-664
600,c665,val-665
600,c666,val-666
600,c667,val-667
600,c668,val-668
600,c669,val-669
600,c670,val-670
600,c671,val-671
600,c672,val-672
600,c673,val-673
600,c674,val-674
600,c675,val-675
600,c676,val-676
600,c677,val-677
600,c678,val-678
600,c679,val-679
600,c680,val-680
600,c681,val-681
600,c682,val-682
600,c683,val-683
600,c684,val-684
600,c685,val-685
600,c686,val-686
600,c687,val-687
600,c688,val-688
600,c689,val-689
600,c690,val-690
600,c691,val-691
600,c692,val-692
600,c693,val-693
600,c694,val-694
600,c695,val-695
600,c696,val-696
600,c697,val-697
600,c698,val-698
600,c699,val-699
700,c700,val-700
701,c701,val-701
702,c702,val-702
703,c703,val-703
704,c704,val-704
705,c705,val-705
706,c706,val-706
707,c707,val-707
708,c708,val-708
709,c709,val-709
710,c710,val-710
711,c711,val-711
712,c712,val-712
713,c713,val-713
714,c714,val-714
715,c715,val-715
716,c716,val-716
717,c717,val-717
718,c718,val-718
719,c719,val-719
720,c720,val-720
721,c721,val-721
722,c722,val-722
723,c723,val-723
724,c724,val-724
725,c725,val-725
726,c726,val-726
727,c727,val-727
728,c728,val-728
729,c729,val-729
730,c730,val-730
731,c731,val-731
732,c732,val-732
733,c733,val-733
734,c734,val-734
735,c735,val-735
736,c736,val-736
737,c737,val-737
738,c738,val-738
739,c739,val-739
740,c740,val-740
741,c741,val-741
742,c742,val-742
743,c743,val-743
744,c744,val-744
745,c745,val-745
746,c746,val-746
747,c747,val-747
748,c748,val-748
749,c749,val-749
750,c750,val-750
751,c751,val-751
752,c752,val-752
753,c753,val-753
754,c754,val-754
755,c755,val-755
756,c756,val-756
757,c757,val-757
758,c758,val-758
759,c759,val-759
760,c760,val-760
761,c761,val-761
762,c762,val-762
763,c763,val-763
764,c764,val-764
765,c765,val-765
766,c766,val-766
767,c767,val-767
768,c768,val-768
769,c769,val-769
770,c770,val-770
771,c771,val-771
772,c772,val-772
773,c773,val-773
774,c774,val-774
775,c775,val-775
776,c776,val-776
777,c777,val-777
778,c778,val-778
779,c779,val-779
780,c780,val-780
781,c781,val-781
782,c782,val-782
783,c783,val-783
784,c784,val-784
785,c785,val-785
786,c786,val-786
787,c787,val-787
788,c788,val-788
789,c789,val-789
790,c790,val-790
791,c791,val-791
792,c792,val-792
793,c793,val-793
794,c794,val-794
795,c795,val-795
796,c796,val-796
797,c797,val-797
798,c798,val-798
799,c799,val-799
800,c800,val-800
801,c801,val-801
802,c802,val-802
803,c803,val-803
804,c804,val-804
805,c805,val-805
806,c806,val-806
807,c807,val-807
808,c808,val-808
809,c809,val-809
810,c810,val-810
811,c811,val-811
812,c812,val-812
813,c813,val-813
814,c814,val-814
815,c815,val-815
816,c816,val-816
817,c817,val-817
818,c818,val-818
819,c819,val-819
820,c820,val-820
821,c821,val-821
822,c822,val-822
823,c823,val-823
824,c824,val-824
825,c825,val-825
826,c826,val-826
827,c827,val-827
828,c828,val-828
829,c829,val-829
830,c830,val-830
831,c831,val-831
832,c832,val-832
833,c833,val-833
834,c834,val-834
835,c835,val-835
836,c836,val-836
837,c837,val-837
838,c838,val-838
839,c839,val-839
840,c840,val-840
841,c841,val-841
842,c842,val-842
843,c843,val-843
844,c844,val-844
845,c845,val-845
846,c846,val-846
847,c847,val-847
848,c848,val-848
849,c849,val-849
850,c850,val-850
851,c851,val-851
852,c852,val-852
853,c853,val-853
854,c854,val-854
855,c855,val-855
856,c856,val-856
857,c857,val-857
858,c858,val-858
859,c859,val-859
860,c860,val-860
861,c861,val-861
862,c862,val-862
863,c863,val-863
864,c864,val-864
865,c865,val-865
866,c866,val-866
867,c867,val-867
868,c868,val-868
869,c869,val-869
870,c870,val-870
871,c871,val-871
872,c872,val-872
873,c873,val-873
874,c874,val-874
875,c875,val-875
876,c876,val-876
877,c877,val-877
878,c878,val-878
879,c879,val-879
880,c880,val-880
881,c881,val-881
882,c882,val-882
883,c883,val-883
884,c884,val-884
885,c885,val-885
886,c886,val-886
887,c887,val-887
888,c888,val-888
889,c889,val-889
890,c890,val-890
891,c891,val-891
892,c892,val-892
893,c893,val-893
894,c894,val-894
895,c895,val-895
896,c896,val-896
897,c897,val-897
898,c898,val-898
899,c899,val-899
900,c900,val-900
901,c901,val-901
902,c902,val-902
903,c903,val-903
904,c904,val-904
905,c905,val-905
906,c906,val-906
907,c907,val-907
908,c908,val-908
909,c909,val-909
910,c910,val-910
911,c911,val-911
912,c912,val-912
913,c913,val-913
914,c914,val-914
915,c915,val-915
916,c916,val-916
917,c917,val-917
918,c918,val-918
919,c919,val-919
920,c920,val-920
921,c921,val-921
922,c922,val-922
923,c923,val-923
924,c924,val-924
925,c925,val-925
926,c926,val-926
927,c927,val-927
928,c928,val-928
929,c929,val-929
930,c930,val-930
931,c931,val-931
932,c932,val-932
933,c933,val-933
934,c934,val-934
935,c935,val-935
936,c936,val-936
937,c937,val-937
938,c938,val-938
939,c939,val-939
940,c940,val-940
941,c941,val-941
942,c942,val-942
943,c943,val-943
944,c944,val-944
945,c945,val-945
946,c946,val-946
947,c947,val-947
948,c948,val-948
949,c949,val-949
950,c950,val-950
951,c951,val-951
952,c952,val-952
953,c953,val-953
954,c954,val-954
955,c955,val-955
956,c956,val-956
957,c957,val-957
958,c958,val-958
959,c959,val-959
960,c960,val-960
961,c961,val-961
962,c962,val-962
963,c963,val-963
964,c964,val-964
965,c965,val-965
966,c966,val-966
967,c967,val-967
968,c968,val-968
969,c969,val-969
970,c970,val-970
971,c971,val-971
972,c972,val-972
973,c973,val-973
974,c974,val-974
975,c975,val-975
976,c976,val-976
977,c977,val-977
978,c978,val-978
979,c979,val-979
980,c980,val-980
981,c981,val-981
982,c982,val-982
983,c983,val-983
984,c984,val-984
985,c985,val-985
986,c986,val-986
987,c987,val-987
988,c988,val-988
989,c989,val-989
990,c990,val-990
991,c991,val-991
992,c992,val-992
993,c993,val-993
994,c994,val-994
995,c995,val-995
996,c996,val-996
997,c997,val-997
998,c998,val-998
999,c999,val-999
1000,c1000,val-1000
1001,c1001,val-1001
1002,c1002,val-1002
1003,c1003,val-1003
1004,c1004,val-1004
1005,c1005,val-1005
1006,c1006,val-1006
1007,c1007,val-1007
1008,c1008,val-1008
1009,c1009,val-1009
1010,c1010,val-1010
1011,c1011,val-1011
1012,c1012,val-1012
1013,c1013,val-1013
1014,c1014,val-1014
1015,c1015,val-1015
1016,c1016,val-1016
1017,c1017,val-1017
1018,c1018,val-1018
1019,c1019,val-1019
1020,c1020,val-1020
1021,c1021,val-1021
1022,c1022,val-1022
1023,c1023,val-1023
1024,c1024,val-1024
1025,c1025,val-1025
1026,c1026,val-1026
1027,c1027,val-1027
1028,c1028,val-1028
1029,c1029,val-1029
1030,c1030,val-1030
1031,c1031,val-1031
1032,c1032,val-1032
1033,c1033,val-1033
1034,c1034,val-1034
1035,c1035,val-1035
1036,c1036,val-1036
1037,c1037,val-1037
1038,c1038,val-1038
1039,c1039,val-1039
1040,c1040,val-1040
1041,c1041,val-1041
1042,c1042,val-1042
1043,c1043,val-1043
1044,c1044,val-1044
1045,c1045,val-1045
1046,c1046,val-1046
1047,c1047,val-1047
1048,c1048,val-1048
1049,c1049,val-1049
1050,c1050,val-1050
1051,c1051,val-1051
1052,c1052,val-1052
1053,c1053,val-1053
1054,c1054,val-1054
1055,c1055,val-1055
1056,c1056,val-1056
1057,c1057,val-1057
1058,c1058,val-1058
1059,c1059,val-1059
1060,c1060,val-1060
1061,c1061,val-1061
1062,c1062,val-1062
1063,c1063,val-1063
1064,c1064,val-1064
1065,c1065,val-1065
1066,c1066,val-1066
1067,c1067,val-1067
1068,c1068,val-1068
1069,c1069,val-1069
1070,c1070,val-1070
1071,c1071,val-1071
1072,c1072,val-1072
1073,c1073,val-1073
1074,c1074,val-1074
1075,c1075,val-1075
1076,c1076,val-1076
1077,c1077,val-1077
1078,c1078,val-1078
1079,c1079,val-1079
1080,c1080,val-1080
1081,c1081,val-1081
1082,c1082,val-1082
1083,c1083,val-1083
1084,c1084,val-1084
1085,c1085,val-1085
1086,c1086,val-1086
1087,c1087,val-1087
1088,c1088,val-1088
1089,c1089,val-1089
1090,c1090,val-1090
1091,c1091,val-1091
1092,c1092,val-1092
1093,c1093,val-1093
1094,c1094,val-1094
1095,c1095,val-1095
1096,c1096,val-1096
1097,c1097,val-1097
1098,c1098,val-1098
1099,c1099,val-1099
1100,c1100,val-1100
1101,c1101,val-1101
1102,c1102,val-1102
1103,c1103,val-1103
1104,c1104,val-1104
1105,c1105,val-1105
1106,c1106,val-1106
1107,c1107,val-1107
1108,c1108,val-1108
1109,c1109,val-1109
1110,c1110,val-1110
1111,c1111,val-1111
1112,c1112,val-1112
1113,c1113,val-1113
1114,c1114,val-1114
1115,c1115,val-1115
1116,c1116,val-1116
1117,c1117,val-1117
1118,c1118,val-1118
1119,c1119,val-1119
1120,c1120,val-1120
1121,c1121,val-1121
1122,c1122,val-1122
1123,c1123,val-1123
1124,c1124,val-1124
1125,c1125,val-1125
1126,c1126,val-1126
1127,c1127,val-1127
1128,c1128,val-1128
1129,c1129,val-1129
1130,c1130,val-1130
1131,c1131,val-1131
1132,c1132,val-1132
1133,c1133,val-1133
1134,c1134,val-1134
1135,c1135,val-1135
1136,c1136,val-1136
1137,c1137,val-1137
1138,c1138,val-1138
1139,c1139,val-1139
1140,c1140,val-1140
1141,c1141,val-1141
1142,c1142,val-1142
1143,c1143,val-1143
1144,c1144,val-1144
1145,c1145,val-1145
1146,c1146,val-1146
1147,c1147,val-1147
1148,c1148,val-1148
1149,c1149,val-1149
1150,c1150,val-1150
1151,c1151,val-1151
1152,c1152,val-1152
1153,c1153,val-1153
1154,c1154,val-1154
1155,c1155,val-1155
1156,c1156,val-1156
1157,c1157,val-1157
1158,c1158,val-1158
1159,c1159,val-1159
1160,c1160,val-1160
1161,c1161,val-1161
1162,c1162,val-1162
1163,c1163,val-1163
1164,c1164,val-1164
1165,c1165,val-1165
1166,c1166,val-1166
1167,c1167,val-1167
1168,c1168,val-1168
1169,c1169,val-1169
1170,c1170,val-1170
1171,c1171,val-1171
1172,c1172,val-1172
1173,c1173,val-1173
1174,c1174,val-1174
1175,c1175,val-1175
1176,c1176,val-1176
1177,c1177,val-1177
1178,c1178,val-1178
1179,c1179,val-1179
1180,c1180,val-1180
1181,c1181,val-1181
1182,c1182,val-1182
1183,c1183,val-1183
1184,c1184,val-1184
1185,c1185,val-1185
1186,c1186,val-1186
1187,c1187,val-1187
1188,c1188,val-1188
1189,c1189,val-1189
1190,c1190,val-1190
1191,c1191,val-1191
1192,c1192,val-1192
1193,c1193,val-1193
1194,c1194,val-1194
1195,c1195,val-1195
1196,c1196,val-1196
1197,c1197,val-1197
1198,c1198,val-1198
1199,c1199,val-1199
1200,c1200,val-1200
1201,c1201,val-1201
1202,c1202,val-1202
1203,c1203,val-1203
1204,c1204,val-1204
1205,c1205,val-1205
1206,c1206,val-1206
1207,c1207,val-1207
1208,c1208,val-1208
1209,c1209,val-1209
1210,c1210,val-1210
1211,c1211,val-1211
1212,c1212,val-1212
1213,c1213,val-1213
1214,c1214,val-1214
1215,c1215,val-1215
1216,c1216,val-1216
1217,c1217,val-1217
1218,c1218,val-1218
1219,c1219,val-1219
1220,c1220,val-1220
1221,c1221,val-1221
1222,c1222,val-1222
1223,c1223,val-1223
1224,c1224,val-1224
1225,c1225,val-1225
1226,c1226,val-1226
1227,c1227,val-1227
1228,c1228,val-1228
1229,c1229,val-1229
1230,c1230,val-1230
1231,c1231,val-1231
1232,c1232,val-1232
1233,c1233,val-1233
1234,c1234,val-1234
1235,c1235,val-1235
1236,c1236,val-1236
1237,c1237,val-1237
1238,c1238,val-1238
1239,c1239,val-1239
1240,c1240,val-1240
1241,c1241,val-1241
1242,c1242,val-1242
1243,c1243,val-1243
1244,c1244,val-1244
1245,c1245,val-1245
1246,c1246,val-1246
1247,c1247,val-1247
1248,c1248,val-1248
1249,c1249,val-1249
1250,c1250,val-1250
1251,c1251,val-1251
1252,c1252,val-1252
1253,c1253,val-1253
1254,c1254,val-1254
1255,c1255,val-1255
1256,c1256,val-1256
1257,c1257,val-1257
1258,c1258,val-1258
1259,c1259,val-1259
1260,c1260,val-1260
1261,c1261,val-1261
1262,c1262,val-1262
1263,c1263,val-1263
1264,c1264,val-1264
1265,c1265,val-1265
1266,c1266,val-1266
1267,c1267,val-1267
1268,c1268,val-1268
1269,c1269,val-1269
1270,c1270,val-1270
1271,c1271,val-1271
1272,c1272,val-1272
1273,c1273,val-1273
1274,c1274,val-1274
1275,c1275,val-1275
1276,c1276,val-1276
1277,c1277,val-1277
1278,c1278,val-1278
1279,c1279,val-1279
1280,c1280,val-1280
1281,c1281,val-1281
1282,c1282,val-1282
1283,c1283,val-1283
1284,c1284,val-1284
1285,c1285,val-1285
1286,c1286,val-1286
1287,c1287,val-1287
1288,c1288,val-1288
1289,c1289,val-1289
1290,c1290,val-1290
1291,c1291,val-1291
1292,c1292,val-1292
1293,c1293,val-1293
1294,c1294,val-1294
1295,c1295,val-1295
1296,c1296,val-1296
1297,c1297,val-1297
1298,c1298,val-1298
1299,c1299,val-1299
1300,c1300,val-1300
1301,c1301,val-1301
1302,c1302,val-1302
1303,c1303,val-1303
1304,c1304,val-1304
1305,c1305,val-1305
1306,c1306,val-1306
1307,c1307,val-1307
1308,c1308,val-1308
1309,c1309,val-1309
1310,c1310,val-1310
1311,c1311,val-1311
1312,c1312,val-1312
1313,c1313,val-1313
1314,c1314,val-1314
1315,c1315,val-1315
1316,c1316,val-1316
1317,c1317,val-1317
1318,c1318,val-1318
1319,c1319,val-1319
1320,c1320,val-1320
1321,c1321,val-1321
1322,c1322,val-1322
1323,c1323,val-1323
1324,c1324,val-1324
1325,c1325,val-1325
1326,c1326,val-1326
1327,c1327,val-1327
1328,c1328,val-1328
1329,c1329,val-1329
1330,c1330,val-1330
1331,c1331,val-1331
1332,c1332,val-1332
1333,c1333,val-1333
1334,c1334,val-1334
1335,c1335,val-1335
1336,c1336,val-1336
1337,c1337,val-1337
1338,c1338,val-1338
1339,c1339,val-1339
1340,c1340,val-1340
1341,c1341,val-1341
1342,c1342,val-1342
1343,c1343,val-1343
1344,c1344,val-1344
1345,c1345,val-1345
1346,c1346,val-1346
1347,c1347,val-1347
1348,c1348,val-1348
1349,c1349,val-1349
1350,c1350,val-1350
1351,c1351,val-1351
1352,c1352,val-1352
1353,c1353,val-1353
1354,c1354,val-1354
1355,c1355,val-1355
1356,c1356,val-1356
1357,c1357,val-1357
1358,c1358,val-1358
1359,c1359,val-1359
1360,c1360,val-1360
1361,c1361,val-1361
1362,c1362,val-1362
1363,c1363,val-1363
1364,c1364,val-1364
1365,c1365,val-1365
1366,c1366,val-1366
1367,c1367,val-1367
1368,c1368,val-1368
1369,c1369,val-1369
1370,c1370,val-1370
1371,c1371,val-1371
1372,c1372,val-1372
1373,c1373,val-1373
1374,c1374,val-1374
1375,c1375,val-1375
1376,c1376,val-1376
1377,c1377,val-1377
1378,c1378,val-1378
1379,c1379,val-1379
1380,c1380,val-1380
1381,c1381,val-1381
1382,c1382,val-1382
1383,c1383,val-1383
1384,c1384,val-1384
1385,c1385,val-1385
1386,c1386,val-1386
1387,c1387,val-1387
1388,c1388,val-1388
1389,c1389,val-1389
1390,c1390,val-1390
1391,c1391,val-1391
1392,c1392,val-1392
1393,c1393,val-1393
1394,c1394,val-1394
1395,c1395,val-1395
1396,c1396,val-1396
1397,c1397,val-1397
1398,c1398,val-1398
1399,c1399,val-1399
1400,c1400,val-1400
1401,c1401,val-1401
1402,c1402,val-1402
1403,c1403,val-1403
1404,c1404,val-1404
1405,c1405,val-1405
1406,c1406,val-1406
1407,c1407,val-1407
1408,c1408,val-1408
1409,c1409,val-1409
1410,c1410,val-1410
1411,c1411,val-1411
1412,c1412,val-1412
1413,c1413,val-1413
1414,c1414,val-1414
1415,c1415,val-1415
1416,c1416,val-1416
1417,c1417,val-1417
1418,c1418,val-1418
1419,c1419,val-1419
1420,c1420,val-1420
1421,c1421,val-1421
1422,c1422,val-1422
1423,c1423,val-1423
1424,c1424,val-1424
1425,c1425,val-1425
1426,c1426,val-1426
1427,c1427,val-1427
1428,c1428,val-1428
1429,c1429,val-1429
1430,c1430,val-1430
1431,c1431,val-1431
1432,c1432,val-1432
1433,c1433,val-1433
1434,c1434,val-1434
1435,c1435,val-1435
1436,c1436,val-1436
1437,c1437,val-1437
1438,c1438,val-1438
1439,c1439,val-1439
1440,c1440,val-1440
1441,c1441,val-1441
1442,c1442,val-1442
1443,c1443,val-1443
1444,c1444,val-1444
1445,c1445,val-1445
1446,c1446,val-1446
1447,c1447,val-1447
1448,c1448,val-1448
1449,c1449,val-1449
1450,c1450,val-1450
1451,c1451,val-1451
1452,c1452,val-1452
1453,c1453,val-1453
1454,c1454,val-1454
1455,c1455,val-1455
1456,c1456,val-1456
1457,c1457,val-1457
1458,c1458,val-1458
1459,c1459,val-1459
1460,c1460,val-1460
1461,c1461,val-1461
1462,c1462,val-1462
1463,c1463,val-1463
1464,c1464,val-1464
1465,c1465,val-1465
1466,c1466,val-1466
1467,c1467,val-1467
1468,c1468,val-1468
1469,c1469,val-1469
1470,c1470,val-1470
1471,c1471,val-1471
1472,c1472,val-1472
1473,c1473,val-1473
1474,c1474,val-1474
1475,c1475,val-1475
1476,c1476,val-1476
1477,c1477,val-1477
1478,c1478,val-1478
1479,c1479,val-1479
1480,c1480,val-1480
1481,c1481,val-1481
1482,c1482,val-1482
1483,c1483,val-1483
1484,c1484,val-1484
1485,c1485,val-1485
1486,c1486,val-1486
1487,c1487,val-1487
1488,c1488,val-1488
1489,c1489,val-1489
1490,c1490,val-1490
1491,c1491,val-1491
1492,c1492,val-1492
1493,c1493,val-1493
1494,c1494,val-1494
1495,c1495,val-1495
1496,c1496,val-1496
1497,c1497,val-1497
1498,c1498,val-1498
1499,c1499,val-1499
1500,c1500,val-1500
1501,c1501,val-1501
1502,c1502,val-1502
1503,c1503,val-1503
1504,c1504,val-1504
1505,c1505,val-1505
1506,c1506,val-1506
1507,c1507,val-1507
1508,c1508,val-1508
1509,c1509,val-1509
1510,c1510,val-1510
1511,c1511,val-1511
1512,c1512,val-1512
1513,c1513,val-1513
1514,c1514,val-1514
1515,c1515,val-1515
1516,c1516,val-1516
1517,c1517,val-1517
1518,c1518,val-1518
1519,c1519,val-1519
1520,c1520,val-1520
1521,c1521,val-1521
1522,c1522,val-1522
1523,c1523,val-1523
1524,c1524,val-1524
1525,c1525,val-1525
1526,c1526,val-1526
1527,c1527,val-1527
1528,c1528,val-1528
1529,c1529,val-1529
1530,c1530,val-1530
1531,c1531,val-1531
1532,c1532,val-1532
1533,c1533,val-1533
1534,c1534,val-1534
1535,c1535,val-1535
1536,c1536,val-1536
1537,c1537,val-1537
1538,c1538,val-1538
1539,c1539,val-1539
1540,c1540,val-1540
1541,c1541,val-1541
1542,c1542,val-1542
1543,c1543,val-1543
1544,c1544,val-1544
1545,c1545,val-1545
1546,c1546,val-1546
1547,c1547,val-1547
1548,c1548,val-1548
1549,c1549,val-1549
1550,c1550,val-1550
1551,c1551,val-1551
1552,c1552,val-1552
1553,c1553,val-1553
1554,c1554,val-1554
1555,c1555,val-1555
1556,c1556,val-1556
1557,c1557,val-1557
1558,c1558,val-1558
1559,c1559,val-1559
1560,c1560,val-1560
1561,c1561,val-1561
1562,c1562,val-1562
1563,c1563,val-1563
1564,c1564,val-1564
1565,c1565,val-1565
1566,c1566,val-1566
1567,c1567,val-1567
1568,c1568,val-1568
1569,c1569,val-1569
1570,c1570,val-1570
1571,c1571,val-1571
1572,c1572,val-1572
1573,c1573,val-1573
1574,c1574,val-1574
1575,c1575,val-1575
1576,c1576,val-1576
1577,c1577,val-1577
1578,c1578,val-1578
1579,c1579,val-1579
1580,c1580,val-1580
1581,c1581,val-1581
1582,c1582,val-1582
1583,c1583,val-1583
1584,c1584,val-1584
1585,c1585,val-1585
1586,c1586,val-1586
1587,c1587,val-1587
1588,c1588,val-1588
1589,c1589,val-1589
1590,c1590,val-1590
1591,c1591,val-1591
1592,c1592,val-1592
1593,c1593,val-1593
1594,c1594,val-1594
1595,c1595,val-1595
1596,c1596,val-1596
1597,c1597,val-1597
1598,c1598,val-1598
1599,c1599,val-1599
1600,c1600,val-1600
1601,c1601,val-1601
1602,c1602,val-1602
1603,c1603,val-1603
1604,c1604,val-1604
1605,c1605,val-1605
1606,c1606,val-1606
1607,c1607,val-1607
1608,c1608,val-1608
1609,c1609,val-1609
1610,c1610,val-1610
1611,c1611,val-1611
1612,c1612,val-1612
1613,c1613,val-1613
1614,c1614,val-1614
1615,c1615,val-1615
1616,c1616,val-1616
1617,c1617,val-1617
1618,c1618,val-1618
1619,c1619,val-1619
1620,c1620,val-1620
1621,c1621,val-1621
1622,c1622,val-1622
1623,c1623,val-1623
1624,c1624,val-1624
1625,c1625,val-1625
1626,c1626,val-1626
1627,c1627,val-1627
1628,c1628,val-1628
1629,c1629,val-1629
1630,c1630,val-1630
1631,c1631,val-1631
1632,c1632,val-1632
1633,c1633,val-1633
1634,c1634,val-1634
1635,c1635,val-1635
1636,c1636,val-1636
1637,c1637,val-1637
1638,c1638,val-1638
1639,c1639,val-1639
1640,c1640,val-1640
1641,c1641,val-1641
1642,c1642,val-1642
1643,c1643,val-1643
1644,c1644,val-1644
1645,c1645,val-1645
1646,c1646,val-1646
1647,c1647,val-1647
1648,c1648,val-1648
1649,c1649,val-1649
1650,c1650,val-1650
1651,c1651,val-1651
1652,c1652,val-1652
1653,c1653,val-1653
1654,c1654,val-1654
1655,c1655,val-1655
1656,c1656,val-1656
1657,c1657,val-1657
1658,c1658,val-1658
1659,c1659,val-1659
1660,c1660,val-1660
1661,c1661,val-1661
1662,c1662,val-1662
1663,c1663,val-1663
1664,c1664,val-1664
1665,c1665,val-1665
1666,c1666,val-1666
1667,c1667,val-1667
1668,c1668,val-1668
1669,c1669,val-1669
1670,c1670,val-1670
1671,c1671,val-1671
1672,c1672,val-1672
1673,c1673,val-1673
1674,c1674,val-1674
1675,c1675,val-1675
1676,c1676,val-1676
1677,c1677,val-1677
1678,c1678,val-1678
1679,c1679,val-1679
1680,c1680,val-1680
1681,c1681,val-1681
1682,c1682,val-1682
1683,c1683,val-1683
1684,c1684,val-1684
1685,c1685,val-1685
1686,c1686,val-1686
1687,c1687,val-1687
1688,c1688,val-1688
1689,c1689,val-1689
1690,c1690,val-1690
1691,c1691,val-1691
1692,c1692,val-1692
1693,c1693,val-1693
1694,c1694,val-1694
1695,c1695,val-1695
1696,c1696,val-1696
1697,c1697,val-1697
1698,c1698,val-1698
1699,c1699,val-1699
1700,c1700,val-1700
1701,c1701,val-1701
1702,c1702,val-1702
1703,c1703,val-1703
1704,c1704,val-1704
1705,c1705,val-1705
1706,c1706,val-1706
1707,c1707,val-1707
1708,c1708,val-1708
1709,c1709,val-1709
1710,c1710,val-1710
1711,c1711,val-1711
1712,c1712,val-1712
1713,c1713,val-1713
1714,c1714,val-1714
1715,c1715,val-1715
1716,c1716,val-1716
1717,c1717,val-1717
1718,c1718,val-1718
1719,c1719,val-1719
1720,c1720,val-1720
1721,c1721,val-1721
1722,c1722,val-1722
1723,c1723,val-1723
1724,c1724,val-1724
1725,c1725,val-1725
1726,c1726,val-1726
1727,c1727,val-1727
1728,c1728,val-1728
1729,c1729,val-1729
1730,c1730,val-1730
1731,c1731,val-1731
1732,c1732,val-1732
1733,c1733,val-1733
1734,c1734,val-1734
1735,c1735,val-1735
1736,c1736,val-1736
1737,c1737,val-1737
1738,c1738,val-1738
1739,c1739,val-1739
1740,c1740,val-1740
1741,c1741,val-1741
1742,c1742,val-1742
1743,c1743,val-1743
1744,c1744,val-1744
1745,c1745,val-1745
1746,c1746,val-1746
1747,c1747,val-1747
1748,c1748,val-1748
1749,c1749,val-1749
1750,c1750,val-1750
1751,c1751,val-1751
1752,c1752,val-1752
1753,c1753,val-1753
1754,c1754,val-1754
1755,c1755,val-1755
1756,c1756,val-1756
1757,c1757,val-1757
1758,c1758,val-1758
1759,c1759,val-1759
1760,c1760,val-1760
1761,c1761,val-1761
1762,c1762,val-1762
1763,c1763,val-1763
1764,c1764,val-1764
1765,c1765,val-1765
1766,c1766,val-1766
1767,c1767,val-1767
1768,c1768,val-1768
1769,c1769,val-1769
1770,c1770,val-1770
1771,c1771,val-1771
1772,c1772,val-1772
1773,c1773,val-1773
1774,c1774,val-1774
1775,c1775,val-1775
1776,c1776,val-1776
1777,c1777,val-1777
1778,c1778,val-1778
1779,c1779,val-1779
1780,c1780,val-1780
1781,c1781,val-1781
1782,c1782,val-1782
1783,c1783,val-1783
1784,c1784,val-1784
1785,c1785,val-1785
1786,c1786,val-1786
1787,c1787,val-1787
1788,c1788,val-1788
1789,c1789,val-1789
1790,c1790,val-1790
1791,c1791,val-1791
1792,c1792,val-1792
1793,c1793,val-1793
1794,c1794,val-1794
1795,c1795,val-1795
1796,c1796,val-1796
1797,c1797,val-1797
1798,c1798,val-1798
1799,c1799,val-1799
1800,c1800,val-1800
1801,c1801,val-1801
1802,c1802,val-1802
1803,c1803,val-1803
1804,c1804,val-1804
1805,c1805,val-1805
1806,c1806,val-1806
1807,c1807,val-1807
1808,c1808,val-1808
1809,c1809,val-1809
1810,c1810,val-1810
1811,c1811,val-1811
1812,c1812,val-1812
1813,c1813,val-1813
1814,c1814,val-1814
1815,c1815,val-1815
1816,c1816,val-1816
1817,c1817,val-1817
1818,c1818,val-1818
1819,c1819,val-1819
1820,c1820,val-1820
1821,c1821,val-1821
1822,c1822,val-1822
1823,c1823,val-1823
1824,c1824,val-1824
1825,c1825,val-1825
1826,c1826,val-1826
1827,c1827,val-1827
1828,c1828,val-1828
1829,c1829,val-1829
1830,c1830,val-1830
1831,c1831,val-1831
1832,c1832,val-1832
1833,c1833,val-1833
1834,c1834,val-1834
1835,c1835,val-1835
1836,c1836,val-1836
1837,c1837,val-1837
1838,c1838,val-1838
1839,c1839,val-1839
1840,c1840,val-1840
1841,c1841,val-1841
1842,c1842,val-1842
1843,c1843,val-1843
1844,c1844,val-1844
1845,c1845,val-1845
1846,c1846,val-1846
1847,c1847,val-1847
1848,c1848,val-1848
1849,c1849,val-1849
1850,c1850,val-1850
1851,c1851,val-1851
1852,c1852,val-1852
1853,c1853,val-1853
1854,c1854,val-1854
1855,c1855,val-1855
1856,c1856,val-1856
1857,c1857,val-1857
1858,c1858,val-1858
1859,c1859,val-1859
1860,c1860,val-1860
1861,c1861,val-1861
1862,c1862,val-1862
1863,c1863,val-1863
1864,c1864,val-1864
1865,c1865,val-1865
1866,c1866,val-1866
1867,c1867,val-1867
1868,c1868,val-1868
1869,c1869,val-1869
1870,c1870,val-1870
1871,c1871,val-1871
1872,c1872,val-1872
1873,c1873,val-1873
1874,c1874,val-1874
1875,c1875,val-1875
1876,c1876,val-1876
1877,c1877,val-1877
1878,c1878,val-1878
1879,c1879,val-1879
1880,c1880,val-1880
1881,c1881,val-1881
1882,c1882,val-1882
1883,c1883,val-1883
1884,c1884,val-1884
1885,c1885,val-1885
1886,c1886,val-1886
1887,c1887,val-1887
1888,c1888,val-1888
1889,c1889,val-1889
1890,c1890,val-1890
1891,c1891,val-1891
1892,c1892,val-1892
1893,c1893,val-1893
1894,c1894,val-1894
1895,c1895,val-1895
1896,c1896,val-1896
1897,c1897,val-1897
1898,c1898,val-1898
1899,c1899,val-1899
1900,c1900,val-1900
1901,c1901,val-1901
1902,c1902,val-1902
1903,c1903,val-1903
1904,c1904,val-1904
1905,c1905,val-1905
1906,c1906,val-1906
1907,c1907,val-1907
1908,c1908,val-1908
1909,c1909,val-1909
1910,c1910,val-1910
1911,c1911,val-1911
1912,c1912,val-1912
1913,c1913,val-1913
1914,c1914,val-1914
1915,c1915,val-1915
1916,c1916,val-1916
1917,c1917,val-1917
1918,c1918,val-1918
1919,c1919,val-1919
1920,c1920,val-1920
1921,c1921,val-1921
1922,c1922,val-1922
1923,c1923,val-1923
1924,c1924,val-1924
1925,c1925,val-1925
1926,c1926,val-1926
1927,c1927,val-1927
1928,c1928,val-1928
1929,c1929,val-1929
1930,c1930,val-1930
1931,c1931,val-1931
1932,c1932,val-1932
1933,c1933,val-1933
1934,c1934,val-1934
1935,c1935,val-1935
1936,c1936,val-1936
1937,c1937,val-1937
1938,c1938,val-1938
1939,c1939,val-1939
1940,c1940,val-1940
1941,c1941,val-1941
1942,c1942,val-1942
1943,c1943,val-1943
1944,c1944,val-1944
1945,c1945,val-1945
1946,c1946,val-1946
1947,c1947,val-1947
1948,c1948,val-1948
1949,c1949,val-1949
1950,c1950,val-1950
1951,c1951,val-1951
1952,c1952,val-1952
1953,c1953,val-1953
1954,c1954,val-1954
1955,c1955,val-1955
1956,c1956,val-1956
1957,c1957,val-1957
1958,c1958,val-1958
1959,c1959,val-1959
1960,c1960,val-1960
1961,c1961,val-1961
1962,c1962,val-1962
1963,c1963,val-1963
1964,c1964,val-1964
1965,c1965,val-1965
1966,c1966,val-1966
1967,c1967,val-1967
1968,c1968,val-1968
1969,c1969,val-1969
1970,c1970,val-1970
1971,c1971,val-1971
1972,c1972,val-1972
1973,c1973,val-1973
1974,c1974,val-1974
1975,c1975,val-1975
1976,c1976,val-1976
1977,c1977,val-1977
1978,c1978,val-1978
1979,c1979,val-1979
1980,c1980,val-1980
1981,c1981,val-1981
1982,c1982,val-1982
1983,c1983,val-1983
1984,c1984,val-1984
1985,c1985,val-1985
1986,c1986,val-1986
1987,c1987,val-1987
1988,c1988,val-1988
1989,c1989,val-1989
1990,c1990,val-1990
1991,c1991,val-1991
1992,c1992,val-1992
1993,c1993,val-1993
1994,c1994,val-1994
1995,c1995,val-1995
1996,c1996,val-1996
1997,c1997,val-1997
1998,c1998,val-1998
1999,c1999,val-1999
2000,c2000,val-2000
2001,c2001,val-2001
2002,c2002,val-2002
2003,c2003,val-2003
2004,c2004,val-2004
2005,c2005,val-2005
2006,c2006,val-2006
2007,c2007,val-2007
2008,c2008,val-2008
2009,c2009,val-2009
2010,c2010,val-2010
2011,c2011,val-2011
2012,c2012,val-2012
2013,c2013,val-2013
2014,c2014,val-2014
2015,c2015,val-2015
2016,c2016,val-2016
2017,c2017,val-2017
2018,c2018,val-2018
2019,c2019,val-2019
2020,c2020,val-2020
2021,c2021,val-2021
2022,c2022,val-2022
2023,c2023,val-2023
2024,c2024,val-2024
2025,c2025,val-2025
2026,c2026,val-2026
2027,c2027,val-2027
2028,c2028,val-2028
2029,c2029,val-2029
2030,c2030,val-2030
2031,c2031,val-2031
2032,c2032,val-2032
2033,c2033,val-2033
2034,c2034,val-2034
2035,c2035,val-2035
2036,c2036,val-2036
2037,c2037,val-2037
2038,c2038,val-2038
2039,c2039,val-2039
2040,c2040,val-2040
2041,c2041,val-2041
2042,c2042,val-2042
2043,c2043,val-2043
2044,c2044,val-2044
2045,c2045,val-2045
2046,c2046,val-2046
2047,c2047,val-2047
2048,c2048,val-2048
2049,c2049,val-2049
2050,c2050,val-2050
2051,c2051,val-2051
2052,c2052,val-2052
2053,c2053,val-2053
2054,c2054,val-2054
2055,c2055,val-2055
2056,c2056,val-2056
2057,c2057,val-2057
2058,c2058,val-2058
2059,c2059,val-2059
2060,c2060,val-2060
2061,c2061,val-2061
2062,c2062,val-2062
2063,c2063,val-2063
2064,c2064,val-2064
2065,c2065,val-2065
2066,c2066,val-2066
2067,c2067,val-2067
2068,c2068,val-2068
2069,c2069,val-2069
2070,c2070,val-2070
2071,c2071,val-2071
2072,c2072,val-2072
2073,c2073,val-2073
2074,c2074,val-2074
2075,c2075,val-2075
2076,c2076,val-2076
2077,c2077,val-2077
2078,c2078,val-2078
2079,c2079,val-2079
2080,c2080,val-2080
2081,c2081,val-2081
2082,c2082,val-2082
2083,c2083,val-2083
2084,c2084,val-2084
2085,c2085,val-2085
2086,c2086,val-2086
2087,c2087,val-2087
2088,c2088,val-2088
2089,c2089,val-2089
2090,c2090,val-2090
2091,c2091,val-2091
2092,c2092,val-2092
2093,c2093,val-2093
2094,c2094,val-2094
2095,c2095,val-2095
2096,c2096,val-2096
2097,c2097,val-2097
2098,c2098,val-2098
2099,c2099,val-2099
2100,c2100,val-2100
2101,c2101,val-2101
2102,c2102,val-2102
2103,c2103,val-2103
2104,c2104,val-2104
2105,c2105,val-2105
2106,c2106,val-2106
2107,c2107,val-2107
2108,c2108,val-2108
2109,c2109,val-2109
2110,c2110,val-2110
2111,c2111,val-2111
2112,c2112,val-2112
2113,c2113,val-2113
2114,c2114,val-2114
2115,c2115,val-2115
2116,c2116,val-2116
2117,c2117,val-2117
2118,c2118,val-2118
2119,c2119,val-2119
2120,c2120,val-2120
2121,c2121,val-2121
2122,c2122,val-2122
2123,c2123,val-2123
2124,c2124,val-2124
2125,c2125,val-2125
2126,c2126,val-2126
2127,c2127,val-2127
2128,c2128,val-2128
2129,c2129,val-2129
2130,c2130,val-2130
2131,c2131,val-2131
2132,c2132,val-2132
2133,c2133,val-2133
2134,c2134,val-2134
2135,c2135,val-2135
2136,c2136,val-2136
2137,c2137,val-2137
2138,c2138,val-2138
2139,c2139,val-2139
2140,c2140,val-2140
2141,c2141,val-2141
2142,c2142,val-2142
2143,c2143,val-2143
2144,c2144,val-2144
2145,c2145,val-2145
2146,c2146,val-2146
2147,c2147,val-2147
2148,c2148,val-2148
2149,c2149,val-2149
2150,c2150,val-2150
2151,c2151,val-2151
2152,c2152,val-2152
2153,c2153,val-2153
2154,c2154,val-2154
2155,c2155,val-2155
2156,c2156,val-2156
2157,c2157,val-2157
2158,c2158,val-2158
2159,c2159,val-2159
2160,c2160,val-2160
2161,c2161,val-2161
2162,c2162,val-2162
2163,c2163,val-2163
2164,c2164,val-2164
2165,c2165,val-2165
2166,c2166,val-2166
2167,c2167,val-2167
2168,c2168,val-2168
2169,c2169,val-2169
2170,c2170,val-2170
2171,c2171,val-2171
2172,c2172,val-2172
2173,c2173,val-2173
2174,c2174,val-2174
2175,c2175,val-2175
2176,c2176,val-2176
2177,c2177,val-2177
2178,c2178,val-2178
2179,c2179,val-2179
2180,c2180,val-2180
2181,c2181,val-2181
2182,c2182,val-2182
2183,c2183,val-2183
2184,c2184,val-2184
2185,c2185,val-2185
2186,c2186,val-2186
2187,c2187,val-2187
2188,c2188,val-2188
2189,c2189,val-2189
2190,c2190,val-2190
2191,c2191,val-2191
2192,c2192,val-2192
2193,c2193,val-2193
2194,c2194,val-2194
2195,c2195,val-2195
2196,c2196,val-2196
2197,c2197,val-2197
2198,c2198,val-2198
2199,c2199,val-2199
2200,c2200,val-2200
2201,c2201,val-2201
2202,c2202,val-2202
2203,c2203,val-2203
2204,c2204,val-2204
2205,c2205,val-2205
2206,c2206,val-2206
2207,c2207,val-2207
2208,c2208,val-2208
2209,c2209,val-2209
2210,c2210,val-2210
2211,c2211,val-2211
2212,c2212,val-2212
2213,c2213,val-2213
2214,c2214,val-2214
2215,c2215,val-2215
2216,c2216,val-2216
2217,c2217,val-2217
2218,c2218,val-2218
2219,c2219,val-2219
2220,c2220,val-2220
2221,c2221,val-2221
2222,c2222,val-2222
2223,c2223,val-2223
2224,c2224,val-2224
2225,c2225,val-2225
2226,c2226,val-2226
2227,c2227,val-2227
2228,c2228,val-2228
2229,c2229,val-2229
2230,c2230,val-2230
2231,c2231,val-2231
2232,c2232,val-2232
2233,c2233,val-2233
2234,c2234,val-2234
2235,c2235,val-2235
2236,c2236,val-2236
2237,c2237,val-2237
2238,c2238,val-2238
2239,c2239,val-2239
2240,c2240,val-2240
2241,c2241,val-2241
2242,c2242,val-2242
2243,c2243,val-2243
2244,c2244,val-2244
2245,c2245,val-2245
2246,c2246,val-2246
2247,c2247,val-2247
2248,c2248,val-2248
2249,c2249,val-2249
2250,c2250,val-2250
2251,c2251,val-2251
2252,c2252,val-2252
2253,c2253,val-2253
2254,c2254,val-2254
2255,c2255,val-2255
2256,c2256,val-2256
2257,c2257,val-2257
2258,c2258,val-2258
2259,c2259,val-2259
2260,c2260,val-2260
2261,c2261,val-2261
2262,c2262,val-2262
2263,c2263,val-2263
2264,c2264,val-2264
2265,c2265,val-2265
2266,c2266,val-2266
2267,c2267,val-2267
2268,c2268,val-2268
2269,c2269,val-2269
2270,c2270,val-2270
2271,c2271,val-2271
2272,c2272,val-2272
2273,c2273,val-2273
2274,c2274,val-2274
2275,c2275,val-2275
2276,c2276,val-2276
2277,c2277,val-2277
2278,c2278,val-2278
2279,c2279,val-2279
2280,c2280,val-2280
2281,c2281,val-2281
2282,c2282,val-2282
2283,c2283,val-2283
2284,c2284,val-2284
2285,c2285,val-2285
2286,c2286,val-2286
2287,c2287,val-2287
2288,c2288,val-2288
2289,c2289,val-2289
2290,c2290,val-2290
2291,c2291,val-2291
2292,c2292,val-2292
2293,c2293,val-2293
2294,c2294,val-2294
2295,c2295,val-2295
2296,c2296,val-2296
2297,c2297,val-2297
2298,c2298,val-2298
2299,c2299,val-2299
2300,c2300,val-2300
2301,c2301,val-2301
2302,c2302,val-2302
2303,c2303,val-2303
2304,c2304,val-2304
2305,c2305,val-2305
2306,c2306,val-2306
2307,c2307,val-2307
2308,c2308,val-2308
2309,c2309,val-2309
2310,c2310,val-2310
2311,c2311,val-2311
2312,c2312,val-2312
2313,c2313,val-2313
2314,c2314,val-2314
2315,c2315,val-2315
2316,c2316,val-2316
2317,c2317,val-2317
2318,c2318,val-2318
2319,c2319,val-2319
2320,c2320,val-2320
2321,c2321,val-2321
2322,c2322,val-2322
2323,c2323,val-2323
2324,c2324,val-2324
2325,c2325,val-2325
2326,c2326,val-2326
2327,c2327,val-2327
2328,c2328,val-2328
2329,c2329,val-2329
2330,c2330,val-2330
2331,c2331,val-2331
2332,c2332,val-2332
2333,c2333,val-2333
2334,c2334,val-2334
2335,c2335,val-2335
2336,c2336,val-2336
2337,c2337,val-2337
2338,c2338,val-2338
2339,c2339,val-2339
2340,c2340,val-2340
2341,c2341,val-2341
2342,c2342,val-2342
2343,c2343,val-2343
2344,c2344,val-2344
2345,c2345,val-2345
2346,c2346,val-2346
2347,c2347,val-2347
2348,c2348,val-2348
2349,c2349,val-2349
2350,c2350,val-2350
2351,c2351,val-2351
2352,c2352,val-2352
2353,c2353,val-2353
2354,c2354,val-2354
2355,c2355,val-2355
2356,c2356,val-2356
2357,c2357,val-2357
2358,c2358,val-2358
2359,c2359,val-2359
2360,c2360,val-2360
2361,c2361,val-2361
2362,c2362,val-2362
2363,c2363,val-2363
2364,c2364,val-2364
2365,c2365,val-2365
2366,c2366,val-2366
2367,c2367,val-2367
2368,c2368,val-2368
2369,c2369,val-2369
2370,c2370,val-2370
2371,c2371,val-2371
2372,c2372,val-2372
2373,c2373,val-2373
2374,c2374,val-2374
2375,c2375,val-2375
2376,c2376,val-2376
2377,c2377,val-2377
2378,c2378,val-2378
2379,c2379,val-2379
2380,c2380,val-2380
2381,c2381,val-2381
2382,c2382,val-2382
2383,c2383,val-2383
2384,c2384,val-2384
2385,c2385,val-2385
2386,c2386,val-2386
2387,c2387,val-2387
2388,c2388,val-2388
2389,c2389,val-2389
2390,c2390,val-2390
2391,c2391,val-2391
2392,c2392,val-2392
2393,c2393,val-2393
2394,c2394,val-2394
2395,c2395,val-2395
2396,c2396,val-2396
2397,c2397,val-2397
2398,c2398,val-2398
2399,c2399,val-2399
2400,c2400,val-2400
2401,c2401,val-2401
2402,c2402,val-2402
2403,c2403,val-2403
2404,c2404,val-2404
2405,c2405,val-2405
2406,c2406,val-2406
2407,c2407,val-2407
2408,c2408,val-2408
2409,c2409,val-2409
2410,c2410,val-2410
2411,c2411,val-2411
2412,c2412,val-2412
2413,c2413,val-2413
2414,c2414,val-2414
2415,c2415,val-2415
2416,c2416,val-2416
2417,c2417,val-2417
2418,c2418,val-2418
2419,c2419,val-2419
2420,c2420,val-2420
2421,c2421,val-2421
2422,c2422,val-2422
2423,c2423,val-2423
2424,c2424,val-2424
2425,c2425,val-2425
2426,c2426,val-2426
2427,c2427,val-2427
2428,c2428,val-2428
2429,c2429,val-2429
2430,c2430,val-2430
2431,c2431,val-2431
2432,c2432,val-2432
2433,c2433,val-2433
2434,c2434,val-2434
2435,c2435,val-2435
2436,c2436,val-2436
2437,c2437,val-2437
2438,c2438,val-2438
2439,c2439,val-2439
2440,c2440,val-2440
2441,c2441,val-2441
2442,c2442,val-2442
2443,c2443,val-2443
2444,c2444,val-2444
2445,c2445,val-2445
2446,c2446,val-2446
2447,c2447,val-2447
2448,c2448,val-2448
2449,c2449,val-2449
2450,c2450,val-2450
2451,c2451,val-2451
2452,c2452,val-2452
2453,c2453,val-2453
2454,c2454,val-2454
2455,c2455,val-2455
2456,c2456,val-2456
2457,c2457,val-2457
2458,c2458,val-2458
2459,c2459,val-2459
2460,c2460,val-2460
2461,c2461,val-2461
2462,c2462,val-2462
2463,c2463,val-2463
2464,c2464,val-2464
2465,c2465,val-2465
2466,c2466,val-2466
2467,c2467,val-2467
2468,c2468,val-2468
2469,c2469,val-2469
2470,c2470,val-2470
2471,c2471,val-2471
2472,c2472,val-2472
2473,c2473,val-2473
2474,c2474,val-2474
2475,c2475,val-2475
2476,c2476,val-2476
2477,c2477,val-2477
2478,c2478,val-2478
2479,c2479,val-2479
2480,c2480,val-2480
2481,c2481,val-2481
2482,c2482,val-2482
2483,c2483,val-2483
2484,c2484,val-2484
2485,c2485,val-2485
2486,c2486,val-2486
2487,c2487,val-2487
2488,c2488,val-2488
2489,c2489,val-2489
2490,c2490,val-2490
2491,c2491,val-2491
2492,c2492,val-2492
2493,c2493,val-2493
2494,c2494,val-2494
2495,c2495,val-2495
2496,c2496,val-2496
2497,c2497,val-2497
2498,c2498,val-2498
2499,c2499,val-2499
2500,c2500,val-2500
2501,c2501,val-2501
2502,c2502,val-2502
2503,c2503,val-2503
2504,c2504,val-2504
2505,c2505,val-2505
2506,c2506,val-2506
2507,c2507,val-2507
2508,c2508,val-2508
2509,c2509,val-2509
2510,c2510,val-2510
2511,c2511,val-2511
2512,c2512,val-2512
2513,c2513,val-2513
2514,c2514,val-2514
2515,c2515,val-2515
2516,c2516,val-2516
2517,c2517,val-2517
2518,c2518,val-2518
2519,c2519,val-2519
2520,c2520,val-2520
2521,c2521,val-2521
2522,c2522,val-2522
2523,c2523,val-2523
2524,c2524,val-2524
2525,c2525,val-2525
2526,c2526,val-2526
2527,c2527,val-2527
2528,c2528,val-2528
2529,c2529,val-2529
2530,c2530,val-2530
2531,c2531,val-2531
2532,c2532,val-2532
2533,c2533,val-2533
2534,c2534,val-2534
2535,c2535,val-2535
2536,c2536,val-2536
2537,c2537,val-2537
2538,c2538,val-2538
2539,c2539,val-2539
2540,c2540,val-2540
2541,c2541,val-2541
2542,c2542,val-2542
2543,c2543,val-2543
2544,c2544,val-2544
2545,c2545,val-2545
2546,c2546,val-2546
2547,c2547,val-2547
2548,c2548,val-2548
2549,c2549,val-2549
2550,c2550,val-2550
2551,c2551,val-2551
2552,c2552,val-2552
2553,c2553,val-2553
2554,c2554,val-2554
2555,c2555,val-2555
2556,c2556,val-2556
2557,c2557,val-2557
2558,c2558,val-2558
2559,c2559,val-2559
2560,c2560,val-2560
2561,c2561,val-2561
2562,c2562,val-2562
2563,c2563,val-2563
2564,c2564,val-2564
2565,c2565,val-2565
2566,c2566,val-2566
2567,c2567,val-2567
2568,c2568,val-2568
2569,c2569,val-2569
2570,c2570,val-2570
2571,c2571,val-2571
2572,c2572,val-2572
2573,c2573,val-2573
2574,c2574,val-2574
2575,c2575,val-2575
2576,c2576,val-2576
2577,c2577,val-2577
2578,c2578,val-2578
2579,c2579,val-2579
2580,c2580,val-2580
2581,c2581,val-2581
2582,c2582,val-2582
2583,c2583,val-2583
2584,c2584,val-2584
2585,c2585,val-2585
2586,c2586,val-2586
2587,c2587,val-2587
2588,c2588,val-2588
2589,c2589,val-2589
2590,c2590,val-2590
2591,c2591,val-2591
2592,c2592,val-2592
2593,c2593,val-2593
2594,c2594,val-2594
2595,c2595,val-2595
2596,c2596,val-2596
2597,c2597,val-2597
2598,c2598,val-2598
2599,c2599,val-2599
2600,c2600,val-2600
2601,c2601,val-2601
2602,c2602,val-2602
2603,c2603,val-2603
2604,c2604,val-2604
2605,c2605,val-2605
2606,c2606,val-2606
2607,c2607,val-2607
2608,c2608,val-2608
2609,c2609,val-2609
2610,c2610,val-2610
2611,c2611,val-2611
2612,c2612,val-2612
2613,c2613,val-2613
2614,c2614,val-2614
2615,c2615,val-2615
2616,c2616,val-2616
2617,c2617,val-2617
2618,c2618,val-2618
2619,c2619,val-2619
2620,c2620,val-2620
2621,c2621,val-2621
2622,c2622,val-2622
2623,c2623,val-2623
2624,c2624,val-2624
2625,c2625,val-2625
2626,c2626,val-2626
2627,c2627,val-2627
2628,c2628,val-2628
2629,c2629,val-2629
2630,c2630,val-2630
2631,c2631,val-2631
2632,c2632,val-2632
2633,c2633,val-2633
2634,c2634,val-2634
2635,c2635,val-2635
2636,c2636,val-2636
2637,c2637,val-2637
2638,c2638,val-2638
2639,c2639,val-2639
2640,c2640,val-2640
2641,c2641,val-2641
2642,c2642,val-2642
2643,c2643,val-2643
2644,c2644,val-2644
2645,c2645,val-2645
2646,c2646,val-2646
2647,c2647,val-2647
2648,c2648,val-2648
2649,c2649,val-2649
2650,c2650,val-2650
2651,c2651,val-2651
2652,c2652,val-2652
2653,c2653,val-2653
2654,c2654,val-2654
2655,c2655,val-2655
2656,c2656,val-2656
2657,c2657,val-2657
2658,c2658,val-2658
2659,c2659,val-2659
2660,c2660,val-2660
2661,c2661,val-2661
2662,c2662,val-2662
2663,c2663,val-2663
2664,c2664,val-2664
2665,c2665,val-2665
2666,c2666,val-2666
2667,c2667,val-2667
2668,c2668,val-2668
2669,c2669,val-2669
2670,c2670,val-2670
2671,c2671,val-2671
2672,c2672,val-2672
2673,c2673,val-2673
2674,c2674,val-2674
2675,c2675,val-2675
2676,c2676,val-2676
2677,c2677,val-2677
2678,c2678,val-2678
2679,c2679,val-2679
2680,c2680,val-2680
2681,c2681,val-2681
2682,c2682,val-2682
2683,c2683,val-2683
2684,c2684,val-2684
2685,c2685,val-2685
2686,c2686,val-2686
2687,c2687,val-2687
2688,c2688,val-2688
2689,c2689,val-2689
2690,c2690,val-2690
2691,c2691,val-2691
2692,c2692,val-2692
2693,c2693,val-2693
2694,c2694,val-2694
2695,c2695,val-2695
2696,c2696,val-2696
2697,c2697,val-2697
2698,c2698,val-2698
2699,c2699,val-2699
2700,c2700,val-2700
2701,c2701,val-2701
2702,c2702,val-2702
2703,c2703,val-2703
2704,c2704,val-2704
2705,c2705,val-2705
2706,c2706,val-2706
2707,c2707,val-2707
2708,c2708,val-2708
2709,c2709,val-2709
2710,c2710,val-2710
2711,c2711,val-2711
2712,c2712,val-2712
2713,c2713,val-2713
2714,c2714,val-2714
2715,c2715,val-2715
2716,c2716,val-2716
2717,c2717,val-2717
2718,c2718,val-2718
2719,c2719,val-2719
2720,c2720,val-2720
2721,c2721,val-2721
2722,c2722,val-2722
2723,c2723,val-2723
2724,c2724,val-2724
2725,c2725,val-2725
2726,c2726,val-2726
2727,c2727,val-2727
2728,c2728,val-2728
2729,c2729,val-2729
2730,c2730,val-2730
2731,c2731,val-2731
2732,c2732,val-2732
2733,c2733,val-2733
2734,c2734,val-2734
2735,c2735,val-2735
2736,c2736,val-2736
2737,c2737,val-2737
2738,c2738,val-2738
2739,c2739,val-2739
2740,c2740,val-2740
2741,c2741,val-2741
2742,c2742,val-2742
2743,c2743,val-2743
2744,c2744,val-2744
2745,c2745,val-2745
2746,c2746,val-2746
2747,c2747,val-2747
2748,c2748,val-2748
2749,c2749,val-2749
2750,c2750,val-2750
2751,c2751,val-2751
2752,c2752,val-2752
2753,c2753,val-2753
2754,c2754,val-2754
2755,c2755,val-2755
2756,c2756,val-2756
2757,c2757,val-2757
2758,c2758,val-2758
2759,c2759,val-2759
2760,c2760,val-2760
2761,c2761,val-2761
2762,c2762,val-2762
2763,c2763,val-2763
2764,c2764,val-2764
2765,c2765,val-2765
2766,c2766,val-2766
2767,c2767,val-2767
2768,c2768,val-2768
2769,c2769,val-2769
2770,c2770,val-2770
2771,c2771,val-2771
2772,c2772,val-2772
2773,c2773,val-2773
2774,c2774,val-2774
2775,c2775,val-2775
2776,c2776,val-2776
2777,c2777,val-2777
2778,c2778,val-2778
2779,c2779,val-2779
2780,c2780,val-2780
2781,c2781,val-2781
2782,c2782,val-2782
2783,c2783,val-2783
2784,c2784,val-2784
2785,c2785,val-2785
2786,c2786,val-2786
2787,c2787,val-2787
2788,c2788,val-2788
2789,c2789,val-2789
2790,c2790,val-2790
2791,c2791,val-2791
2792,c2792,val-2792
2793,c2793,val-2793
2794,c2794,val-2794
2795,c2795,val-2795
2796,c2796,val-2796
2797,c2797,val-2797
2798,c2798,val-2798
2799,c2799,val-2799
2800,c2800,val-2800
2801,c2801,val-2801
2802,c2802,val-2802
2803,c2803,val-2803
2804,c2804,val-2804
2805,c2805,val-2805
2806,c2806,val-2806
2807,c2807,val-2807
2808,c2808,val-2808
2809,c2809,val-2809
2810,c2810,val-2810
2811,c2811,val-2811
2812,c2812,val-2812
2813,c2813,val-2813
2814,c2814,val-2814
2815,c2815,val-2815
2816,c2816,val-2816
2817,c2817,val-2817
2818,c2818,val-2818
2819,c2819,val-2819
2820,c2820,val-2820
2821,c2821,val-2821
2822,c2822,val-2822
2823,c2823,val-2823
2824,c2824,val-2824
2825,c2825,val-2825
2826,c2826,val-2826
2827,c2827,val-2827
2828,c2828,val-2828
2829,c2829,val-2829
2830,c2830,val-2830
2831,c2831,val-2831
2832,c2832,val-2832
2833,c2833,val-2833
2834,c2834,val-2834
2835,c2835,val-2835
2836,c2836,val-2836
2837,c2837,val-2837
2838,c2838,val-2838
2839,c2839,val-2839
2840,c2840,val-2840
2841,c2841,val-2841
2842,c2842,val-2842
2843,c2843,val-2843
2844,c2844,val-2844
2845,c2845,val-2845
2846,c2846,val-2846
2847,c2847,val-2847
2848,c2848,val-2848
2849,c2849,val-2849
2850,c2850,val-2850
2851,c2851,val-2851
2852,c2852,val-2852
2853,c2853,val-2853
2854,c2854,val-2854
2855,c2855,val-2855
2856,c2856,val-2856
2857,c2857,val-2857
2858,c2858,val-2858
2859,c2859,val-2859
2860,c2860,val-2860
2861,c2861,val-2861
2862,c2862,val-2862
2863,c2863,val-2863
2864,c2864,val-2864
2865,c2865,val-2865
2866,c2866,val-2866
2867,c2867,val-2867
2868,c2868,val-2868
2869,c2869,val-2869
2870,c2870,val-2870
2871,c2871,val-2871
2872,c2872,val-2872
2873,c2873,val-2873
2874,c2874,val-2874
2875,c2875,val-2875
2876,c2876,val-2876
2877,c2877,val-2877
2878,c2878,val-2878
2879,c2879,val-2879
2880,c2880,val-2880
2881,c2881,val-2881
2882,c2882,val-2882
2883,c2883,val-2883
2884,c2884,val-2884
2885,c2885,val-2885
2886,c2886,val-2886
2887,c2887,val-2887
2888,c2888,val-2888
2889,c2889,val-2889
2890,c2890,val-2890
2891,c2891,val-2891
2892,c2892,val-2892
2893,c2893,val-2893
2894,c2894,val-2894
2895,c2895,val-2895
2896,c2896,val-2896
2897,c2897,val-2897
2898,c2898,val-2898
2899,c2899,val-2899
2900,c2900,val-2900
2901,c2901,val-2901
2902,c2902,val-2902
2903,c2903,val-2903
2904,c2904,val-2904
2905,c2905,val-2905
2906,c2906,val-2906
2907,c2907,val-2907
2908,c2908,val-2908
2909,c2909,val-2909
2910,c2910,val-2910
2911,c2911,val-2911
2912,c2912,val-2912
2913,c2913,val-2913
2914,c2914,val-2914
2915,c2915,val-2915
2916,c2916,val-2916
2917,c2917,val-2917
2918,c2918,val-2918
2919,c2919,val-2919
2920,c2920,val-2920
2921,c2921,val-2921
2922,c2922,val-2922
2923,c2923,val-2923
2924,c2924,val-2924
2925,c2925,val-2925
2926,c2926,val-2926
2927,c2927,val-2927
2928,c2928,val-2928
2929,c2929,val-2929
2930,c2930,val-2930
2931,c2931,val-2931
2932,c2932,val-2932
2933,c2933,val-2933
2934,c2934,val-2934
2935,c2935,val-2935
2936,c2936,val-2936
2937,c2937,val-2937
2938,c2938,val-2938
2939,c2939,val-2939
2940,c2940,val-2940
2941,c2941,val-2941
2942,c2942,val-2942
2943,c2943,val-2943
2944,c2944,val-2944
2945,c2945,val-2945
2946,c2946,val-2946
2947,c2947,val-2947
2948,c2948,val-2948
2949,c2949,val-2949
2950,c2950,val-2950
2951,c2951,val-2951
2952,c2952,val-2952
2953,c2953,val-2953
2954,c2954,val-2954
2955,c2955,val-2955
2956,c2956,val-2956
2957,c2957,val-2957
2958,c2958,val-2958
2959,c2959,val-2959
2960,c2960,val-2960
2961,c2961,val-2961
2962,c2962,val-2962
2963,c2963,val-2963
2964,c2964,val-2964
2965,c2965,val-2965
2966,c2966,val-2966
2967,c2967,val-2967
2968,c2968,val-2968
2969,c2969,val-2969
2970,c2970,val-2970
2971,c2971,val-2971
2972,c2972,val-2972
2973,c2973,val-2973
2974,c2974,val-2974
2975,c2975,val-2975
2976,c2976,val-2976
2977,c2977,val-2977
2978,c2978,val-2978
2979,c2979,val-2979
2980,c2980,val-2980
2981,c2981,val-2981
2982,c2982,val-2982
2983,c2983,val-2983
2984,c2984,val-2984
2985,c2985,val-2985
2986,c2986,val-2986
2987,c2987,val-2987
2988,c2988,val-2988
2989,c2989,val-2989
2990,c2990,val-2990
2991,c2991,val-2991
2992,c2992,val-2992
2993,c2993,val-2993
2994,c2994,val-2994
2995,c2995,val-2995
2996,c2996,val-2996
2997,c2997,val-2997
2998,c2998,val-2998
2999,c2999,val-2999
3000,c3000,val-3000
3001,c3001,val-3001
3002,c3002,val-3002
3003,c3003,val-3003
3004,c3004,val-3004
3005,c3005,val-3005
3006,c3006,val-3006
3007,c3007,val-3007
3008,c3008,val-3008
3009,c3009,val-3009
3010,c3010,val-3010
3011,c3011,val-3011
3012,c3012,val-3012
3013,c3013,val-3013
3014,c3014,val-3014
3015,c3015,val-3015
3016,c3016,val-3016
3017,c3017,val-3017
3018,c3018,val-3018
3019,c3019,val-3019
3020,c3020,val-3020
3021,c3021,val-3021
3022,c3022,val-3022
3023,c3023,val-3023
3024,c3024,val-3024
3025,c3025,val-3025
3026,c3026,val-3026
3027,c3027,val-3027
3028,c3028,val-3028
3029,c3029,val-3029
3030,c3030,val-3030
3031,c3031,val-3031
3032,c3032,val-3032
3033,c3033,val-3033
3034,c3034,val-3034
3035,c3035,val-3035
3036,c3036,val-3036
3037,c3037,val-3037
3038,c3038,val-3038
3039,c3039,val-3039
3040,c3040,val-3040
3041,c3041,val-3041
3042,c3042,val-3042
3043,c3043,val-3043
3044,c3044,val-3044
3045,c3045,val-3045
3046,c3046,val-3046
3047,c3047,val-3047
3048,c3048,val-3048
3049,c3049,val-3049
3050,c3050,val-3050
3051,c3051,val-3051
3052,c3052,val-3052
3053,c3053,val-3053
3054,c3054,val-3054
3055,c3055,val-3055
3056,c3056,val-3056
3057,c3057,val-3057
3058,c3058,val-3058
3059,c3059,val-3059
3060,c3060,val-3060
3061,c3061,val-3061
3062,c3062,val-3062
3063,c3063,val-3063
3064,c3064,val-3064
3065,c3065,val-3065
3066,c3066,val-3066
3067,c3067,val-3067
3068,c3068,val-3068
3069,c3069,val-3069
3070,c3070,val-3070
3071,c3071,val-3071
3072,c3072,val-3072
3073,c3073,val-3073
3074,c3074,val-3074
3075,c3075,val-3075
3076,c3076,val-3076
3077,c3077,val-3077
3078,c3078,val-3078
3079,c3079,val-3079
3080,c3080,val-3080
3081,c3081,val-3081
3082,c3082,val-3082
3083,c3083,val-3083
3084,c3084,val-3084
3085,c3085,val-3085
3086,c3086,val-3086
3087,c3087,val-3087
3088,c3088,val-3088
3089,c3089,val-3089
3090,c3090,val-3090
3091,c3091,val-3091
3092,c3092,val-3092
3093,c3093,val-3093
3094,c3094,val-3094
3095,c3095,val-3095
3096,c3096,val-3096
3097,c3097,val-3097
3098,c3098,val-3098
3099,c3099,val-3099
3100,c3100,val-3100
3101,c3101,val-3101
3102,c3102,val-3102
3103,c3103,val-3103
3104,c3104,val-3104
3105,c3105,val-3105
3106,c3106,val-3106
3107,c3107,val-3107
3108,c3108,val-3108
3109,c3109,val-3109
3110,c3110,val-3110
3111,c3111,val-3111
3112,c3112,val-3112
3113,c3113,val-3113
3114,c3114,val-3114
3115,c3115,val-3115
3116,c3116,val-3116
3117,c3117,val-3117
3118,c3118,val-3118
3119,c3119,val-3119
3120,c3120,val-3120
3121,c3121,val-3121
3122,c3122,val-3122
3123,c3123,val-3123
3124,c3124,val-3124
3125,c3125,val-3125
3126,c3126,val-3126
3127,c3127,val-3127
3128,c3128,val-3128
3129,c3129,val-3129
3130,c3130,val-3130
3131,c3131,val-3131
3132,c3132,val-3132
3133,c3133,val-3133
3134,c3134,val-3134
3135,c3135,val-3135
3136,c3136,val-3136
3137,c3137,val-3137
3138,c3138,val-3138
3139,c3139,val-3139
3140,c3140,val-3140
3141,c3141,val-3141
3142,c3142,val-3142
3143,c3143,val-3143
3144,c3144,val-3144
3145,c3145,val-3145
3146,c3146,val-3146
3147,c3147,val-3147
3148,c3148,val-3148
3149,c3149,val-3149
3150,c3150,val-3150
3151,c3151,val-3151
3152,c3152,val-3152
3153,c3153,val-3153
3154,c3154,val-3154
3155,c3155,val-3155
3156,c3156,val-3156
3157,c3157,val-3157
3158,c3158,val-3158
3159,c3159,val-3159
3160,c3160,val-3160
3161,c3161,val-3161
3162,c3162,val-3162
3163,c3163,val-3163
3164,c3164,val-3164
3165,c3165,val-3165
3166,c3166,val-3166
3167,c3167,val-3167
3168,c3168,val-3168
3169,c3169,val-3169
3170,c3170,val-3170
3171,c3171,val-3171
3172,c3172,val-3172
3173,c3173,val-3173
3174,c3174,val-3174
3175,c3175,val-3175
3176,c3176,val-3176
3177,c3177,val-3177
3178,c3178,val-3178
3179,c3179,val-3179
3180,c3180,val-3180
3181,c3181,val-3181
3182,c3182,val-3182
3183,c3183,val-3183
3184,c3184,val-3184
3185,c3185,val-3185
3186,c3186,val-3186
3187,c3187,val-3187
3188,c3188,val-3188
3189,c3189,val-3189
3190,c3190,val-3190
3191,c3191,val-3191
3192,c3192,val-3192
3193,c3193,val-3193
3194,c3194,val-3194
3195,c3195,val-3195
3196,c3196,val-3196
3197,c3197,val-3197
3198,c3198,val-3198
3199,c3199,val-3199
3200,c3200,val-3200
3201,c3201,val-3201
3202,c3202,val-3202
3203,c3203,val-3203
3204,c3204,val-3204
3205,c3205,val-3205
3206,c3206,val-3206
3207,c3207,val-3207
3208,c3208,val-3208
3209,c3209,val-3209
3210,c3210,val-3210
3211,c3211,val-3211
3212,c3212,val-3212
3213,c3213,val-3213
3214,c3214,val-3214
3215,c3215,val-3215
3216,c3216,val-3216
3217,c3217,val-3217
3218,c3218,val-3218
3219,c3219,val-3219
3220,c3220,val-3220
3221,c3221,val-3221
3222,c3222,val-3222
3223,c3223,val-3223
3224,c3224,val-3224
3225,c3225,val-3225
3226,c3226,val-3226
3227,c3227,val-3227
3228,c3228,val-3228
3229,c3229,val-3229
3230,c3230,val-3230
3231,c3231,val-3231
3232,c3232,val-3232
3233,c3233,val-3233
3234,c3234,val-3234
3235,c3235,val-3235
3236,c3236,val-3236
3237,c3237,val-3237
3238,c3238,val-3238
3239,c3239,val-3239
3240,c3240,val-3240
3241,c3241,val-3241
3242,c3242,val-3242
3243,c3243,val-3243
3244,c3244,val-3244
3245,c3245,val-3245
3246,c3246,val-3246
3247,c3247,val-3247
3248,c3248,val-3248
3249,c3249,val-3249
3250,c3250,val-3250
3251,c3251,val-3251
3252,c3252,val-3252
3253,c3253,val-3253
3254,c3254,val-3254
3255,c3255,val-3255
3256,c3256,val-3256
3257,c3257,val-3257
3258,c3258,val-3258
3259,c3259,val-3259
3260,c3260,val-3260
3261,c3261,val-3261
3262,c3262,val-3262
3263,c3263,val-3263
3264,c3264,val-3264
3265,c3265,val-3265
3266,c3266,val-3266
3267,c3267,val-3267
3268,c3268,val-3268
3269,c3269,val-3269
3270,c3270,val-3270
3271,c3271,val-3271
3272,c3272,val-3272
3273,c3273,val-3273
3274,c3274,val-3274
3275,c3275,val-3275
3276,c3276,val-3276
3277,c3277,val-3277
3278,c3278,val-3278
3279,c3279,val-3279
3280,c3280,val-3280
3281,c3281,val-3281
3282,c3282,val-3282
3283,c3283,val-3283
3284,c3284,val-3284
3285,c3285,val-3285
3286,c3286,val-3286
3287,c3287,val-3287
3288,c3288,val-3288
3289,c3289,val-3289
3290,c3290,val-3290
3291,c3291,val-3291
3292,c3292,val-3292
3293,c3293,val-3293
3294,c3294,val-3294
3295,c3295,val-3295
3296,c3296,val-3296
3297,c3297,val-3297
3298,c3298,val-3298
3299,c3299,val-3299
3300,c3300,val-3300
3301,c3301,val-3301
3302,c3302,val-3302
3303,c3303,val-3303
3304,c3304,val-3304
3305,c3305,val-3305
3306,c3306,val-3306
3307,c3307,val-3307
3308,c3308,val-3308
3309,c3309,val-3309
3310,c3310,val-3310
3311,c3311,val-3311
3312,c3312,val-3312
3313,c3313,val-3313
3314,c3314,val-3314
3315,c3315,val-3315
3316,c3316,val-3316
3317,c3317,val-3317
3318,c3318,val-3318
3319,c3319,val-3319
3320,c3320,val-3320
3321,c3321,val-3321
3322,c3322,val-3322
3323,c3323,val-3323
3324,c3324,val-3324
3325,c3325,val-3325
3326,c3326,val-3326
3327,c3327,val-3327
3328,c3328,val-3328
3329,c3329,val-3329
3330,c3330,val-3330
3331,c3331,val-3331
3332,c3332,val-3332
3333,c3333,val-3333
3334,c3334,val-3334
3335,c3335,val-3335
3336,c3336,val-3336
3337,c3337,val-3337
3338,c3338,val-3338
3339,c3339,val-3339
3340,c3340,val-3340
3341,c3341,val-3341
3342,c3342,val-3342
3343,c3343,val-3343
3344,c3344,val-3344
3345,c3345,val-3345
3346,c3346,val-3346
3347,c3347,val-3347
3348,c3348,val-3348
3349,c3349,val-3349
3350,c3350,val-3350
3351,c3351,val-3351
3352,c3352,val-3352
3353,c3353,val-3353
3354,c3354,val-3354
3355,c3355,val-3355
3356,c3356,val-3356
3357,c3357,val-3357
3358,c3358,val-3358
3359,c3359,val-3359
3360,c3360,val-3360
3361,c3361,val-3361
3362,c3362,val-3362
3363,c3363,val-3363
3364,c3364,val-3364
3365,c3365,val-3365
3366,c3366,val-3366
3367,c3367,val-3367
3368,c3368,val-3368
3369,c3369,val-3369
3370,c3370,val-3370
3371,c3371,val-3371
3372,c3372,val-3372
3373,c3373,val-3373
3374,c3374,val-3374
3375,c3375,val-3375
3376,c3376,val-3376
3377,c3377,val-3377
3378,c3378,val-3378
3379,c3379,val-3379
3380,c3380,val-3380
3381,c3381,val-3381
3382,c3382,val-3382
3383,c3383,val-3383
3384,c3384,val-3384
3385,c3385,val-3385
3386,c3386,val-3386
3387,c3387,val-3387
3388,c3388,val-3388
3389,c3389,val-3389
3390,c3390,val-3390
3391,c3391,val-3391
3392,c3392,val-3392
3393,c3393,val-3393
3394,c3394,val-3394
3395,c3395,val-3395
3396,c3396,val-3396
3397,c3397,val-3397
3398,c3398,val-3398
3399,c3399,val-3399
3400,c3400,val-3400
3401,c3401,val-3401
3402,c3402,val-3402
3403,c3403,val-3403
3404,c3404,val-3404
3405,c3405,val-3405
3406,c3406,val-3406
3407,c3407,val-3407
3408,c3408,val-3408
3409,c3409,val-3409
3410,c3410,val-3410
3411,c3411,val-3411
3412,c3412,val-3412
3413,c3413,val-3413
3414,c3414,val-3414
3415,c3415,val-3415
3416,c3416,val-3416
3417,c3417,val-3417
3418,c3418,val-3418
3419,c3419,val-3419
3420,c3420,val-3420
3421,c3421,val-3421
3422,c3422,val-3422
3423,c3423,val-3423
3424,c3424,val-3424
3425,c3425,val-3425
3426,c3426,val-3426
3427,c3427,val-3427
3428,c3428,val-3428
3429,c3429,val-3429
3430,c3430,val-3430
3431,c3431,val-3431
3432,c3432,val-3432
3433,c3433,val-3433
3434,c3434,val-3434
3435,c3435,val-3435
3436,c3436,val-3436
3437,c3437,val-3437
3438,c3438,val-3438
3439,c3439,val-3439
3440,c3440,val-3440
3441,c3441,val-3441
3442,c3442,val-3442
3443,c3443,val-3443
3444,c3444,val-3444
3445,c3445,val-3445
3446,c3446,val-3446
3447,c3447,val-3447
3448,c3448,val-3448
3449,c3449,val-3449
3450,c3450,val-3450
3451,c3451,val-3451
3452,c3452,val-3452
3453,c3453,val-3453
3454,c3454,val-3454
3455,c3455,val-3455
3456,c3456,val-3456
3457,c3457,val-3457
3458,c3458,val-3458
3459,c3459,val-3459
3460,c3460,val-3460
3461,c3461,val-3461
3462,c3462,val-3462
3463,c3463,val-3463
3464,c3464,val-3464
3465,c3465,val-3465
3466,c3466,val-3466
3467,c3467,val-3467
3468,c3468,val-3468
3469,c3469,val-3469
3470,c3470,val-3470
3471,c3471,val-3471
3472,c3472,val-3472
3473,c3473,val-3473
3474,c3474,val-3474
3475,c3475,val-3475
3476,c3476,val-3476
3477,c3477,val-3477
3478,c3478,val-3478
3479,c3479,val-3479
3480,c3480,val-3480
3481,c3481,val-3481
3482,c3482,val-3482
3483,c3483,val-3483
3484,c3484,val-3484
3485,c3485,val-3485
3486,c3486,val-3486
3487,c3487,val-3487
3488,c3488,val-3488
3489,c3489,val-3489
3490,c3490,val-3490
3491,c3491,val-3491
3492,c3492,val-3492
3493,c3493,val-3493
3494,c3494,val-3494
3495,c3495,val-3495
3496,c3496,val-3496
3497,c3497,val-3497
3498,c3498,val-3498
3499,c3499,val-3499
3500,c3500,val-3500
3501,c3501,val-3501
3502,c3502,val-3502
3503,c3503,val-3503
3504,c3504,val-3504
3505,c3505,val-3505
3506,c3506,val-3506
3507,c3507,val-3507
3508,c3508,val-3508
3509,c3509,val-3509
3510,c3510,val-3510
3511,c3511,val-3511
3512,c3512,val-3512
3513,c3513,val-3513
3514,c3514,val-3514
3515,c3515,val-3515
3516,c3516,val-3516
3517,c3517,val-3517
3518,c3518,val-3518
3519,c3519,val-3519
3520,c3520,val-3520
3521,c3521,val-3521
3522,c3522,val-3522
3523,c3523,val-3523
3524,c3524,val-3524
3525,c3525,val-3525
3526,c3526,val-3526
3527,c3527,val-3527
3528,c3528,val-3528
3529,c3529,val-3529
3530,c3530,val-3530
3531,c3531,val-3531
3532,c3532,val-3532
3533,c3533,val-3533
3534,c3534,val-3534
3535,c3535,val-3535
3536,c3536,val-3536
3537,c3537,val-3537
3538,c3538,val-3538
3539,c3539,val-3539
3540,c3540,val-3540
3541,c3541,val-3541
3542,c3542,val-3542
3543,c3543,val-3543
3544,c3544,val-3544
3545,c3545,val-3545
3546,c3546,val-3546
3547,c3547,val-3547
3548,c3548,val-3548
3549,c3549,val-3549
3550,c3550,val-3550
3551,c3551,val-3551
3552,c3552,val-3552
3553,c3553,val-3553
3554,c3554,val-3554
3555,c3555,val-3555
3556,c3556,val-3556
3557,c3557,val-3557
3558,c3558,val-3558
3559,c3559,val-3559
3560,c3560,val-3560
3561,c3561,val-3561
3562,c3562,val-3562
3563,c3563,val-3563
3564,c3564,val-3564
3565,c3565,val-3565
3566,c3566,val-3566
3567,c3567,val-3567
3568,c3568,val-3568
3569,c3569,val-3569
3570,c3570,val-3570
3571,c3571,val-3571
3572,c3572,val-3572
3573,c3573,val-3573
3574,c3574,val-3574
3575,c3575,val-3575
3576,c3576,val-3576
3577,c3577,val-3577
3578,c3578,val-3578
3579,c3579,val-3579
3580,c3580,val-3580
3581,c3581,val-3581
3582,c3582,val-3582
3583,c3583,val-3583
3584,c3584,val-3584
3585,c3585,val-3585
3586,c3586,val-3586
3587,c3587,val-3587
3588,c3588,val-3588
3589,c3589,val-3589
3590,c3590,val-3590
3591,c3591,val-3591
3592,c3592,val-3592
3593,c3593,val-3593
3594,c3594,val-3594
3595,c3595,val-3595
3596,c3596,val-3596
3597,c3597,val-3597
3598,c3598,val-3598
3599,c3599,val-3599
3600,c3600,val-3600
3601,c3601,val-3601
3602,c3602,val-3602
3603,c3603,val-3603
3604,c3604,val-3604
3605,c3605,val-3605
3606,c3606,val-3606
3607,c3607,val-3607
3608,c3608,val-3608
3609,c3609,val-3609
3610,c3610,val-3610
3611,c3611,val-3611
3612,c3612,val-3612
3613,c3613,val-3613
3614,c3614,val-3614
3615,c3615,val-3615
3616,c3616,val-3616
3617,c3617,val-3617
3618,c3618,val-3618
3619,c3619,val-3619
3620,c3620,val-3620
3621,c3621,val-3621
3622,c3622,val-3622
3623,c3623,val-3623
3624,c3624,val-3624
3625,c3625,val-3625
3626,c3626,val-3626
3627,c3627,val-3627
3628,c3628,val-3628
3629,c3629,val-3629
3630,c3630,val-3630
3631,c3631,val-3631
3632,c3632,val-3632
3633,c3633,val-3633
3634,c3634,val-3634
3635,c3635,val-3635
3636,c3636,val-3636
3637,c3637,val-3637
3638,c3638,val-3638
3639,c3639,val-3639
3640,c3640,val-3640
3641,c3641,val-3641
3642,c3642,val-3642
3643,c3643,val-3643
3644,c3644,val-3644
3645,c3645,val-3645
3646,c3646,val-3646
3647,c3647,val-3647
3648,c3648,val-3648
3649,c3649,val-3649
3650,c3650,val-3650
3651,c3651,val-3651
3652,c3652,val-3652
3653,c3653,val-3653
3654,c3654,val-3654
3655,c3655,val-3655
3656,c3656,val-3656
3657,c3657,val-3657
3658,c3658,val-3658
3659,c3659,val-3659
3660,c3660,val-3660
3661,c3661,val-3661
3662,c3662,val-3662
3663,c3663,val-3663
3664,c3664,val-3664
3665,c3665,val-3665
3666,c3666,val-3666
3667,c3667,val-3667
3668,c3668,val-3668
3669,c3669,val-3669
3670,c3670,val-3670
3671,c3671,val-3671
3672,c3672,val-3672
3673,c3673,val-3673
3674,c3674,val-3674
3675,c3675,val-3675
3676,c3676,val-3676
3677,c3677,val-3677
3678,c3678,val-3678
3679,c3679,val-3679
3680,c3680,val-3680
3681,c3681,val-3681
3682,c3682,val-3682
3683,c3683,val-3683
3684,c3684,val-3684
3685,c3685,val-3685
3686,c3686,val-3686
3687,c3687,val-3687
3688,c3688,val-3688
3689,c3689,val-3689
3690,c3690,val-3690
3691,c3691,val-3691
3692,c3692,val-3692
3693,c3693,val-3693
3694,c3694,val-3694
3695,c3695,val-3695
3696,c3696,val-3696
3697,c3697,val-3697
3698,c3698,val-3698
3699,c3699,val-3699
3700,c3700,val-3700
3701,c3701,val-3701
3702,c3702,val-3702
3703,c3703,val-3703
3704,c3704,val-3704
3705,c3705,val-3705
3706,c3706,val-3706
3707,c3707,val-3707
3708,c3708,val-3708
3709,c3709,val-3709
3710,c3710,val-3710
3711,c3711,val-3711
3712,c3712,val-3712
3713,c3713,val-3713
3714,c3714,val-3714
3715,c3715,val-3715
3716,c3716,val-3716
3717,c3717,val-3717
3718,c3718,val-3718
3719,c3719,val-3719
3720,c3720,val-3720
3721,c3721,val-3721
3722,c3722,val-3722
3723,c3723,val-3723
3724,c3724,val-3724
3725,c3725,val-3725
3726,c3726,val-3726
3727,c3727,val-3727
3728,c3728,val-3728
3729,c3729,val-3729
3730,c3730,val-3730
3731,c3731,val-3731
3732,c3732,val-3732
3733,c3733,val-3733
3734,c3734,val-3734
3735,c3735,val-3735
3736,c3736,val-3736
3737,c3737,val-3737
3738,c3738,val-3738
3739,c3739,val-3739
3740,c3740,val-3740
3741,c3741,val-3741
3742,c3742,val-3742
3743,c3743,val-3743
3744,c3744,val-3744
3745,c3745,val-3745
3746,c3746,val-3746
3747,c3747,val-3747
3748,c3748,val-3748
3749,c3749,val-3749
3750,c3750,val-3750
3751,c3751,val-3751
3752,c3752,val-3752
3753,c3753,val-3753
3754,c3754,val-3754
3755,c3755,val-3755
3756,c3756,val-3756
3757,c3757,val-3757
3758,c3758,val-3758
3759,c3759,val-3759
3760,c3760,val-3760
3761,c3761,val-3761
3762,c3762,val-3762
3763,c3763,val-3763
3764,c3764,val-3764
3765,c3765,val-3765
3766,c3766,val-3766
3767,c3767,val-3767
3768,c3768,val-3768
3769,c3769,val-3769
3770,c3770,val-3770
3771,c3771,val-3771
3772,c3772,val-3772
3773,c3773,val-3773
3774,c3774,val-3774
3775,c3775,val-3775
3776,c3776,val-3776
3777,c3777,val-3777
3778,c3778,val-3778
3779,c3779,val-3779
3780,c3780,val-3780
3781,c3781,val-3781
3782,c3782,val-3782
3783,c3783,val-3783
3784,c3784,val-3784
3785,c3785,val-3785
3786,c3786,val-3786
3787,c3787,val-3787
3788,c3788,val-3788
3789,c3789,val-3789
3790,c3790,val-3790
3791,c3791,val-3791
3792,c3792,val-3792
3793,c3793,val-3793
3794,c3794,val-3794
3795,c3795,val-3795
3796,c3796,val-3796
3797,c3797,val-3797
3798,c3798,val-3798
3799,c3799,val-3799
3800,c3800,val-3800
3801,c3801,val-3801
3802,c3802,val-3802
3803,c3803,val-3803
3804,c3804,val-3804
3805,c3805,val-3805
3806,c3806,val-3806
3807,c3807,val-3807
3808,c3808,val-3808
3809,c3809,val-3809
3810,c3810,val-3810
3811,c3811,val-3811
3812,c3812,val-3812
3813,c3813,val-3813
3814,c3814,val-3814
3815,c3815,val-3815
3816,c3816,val-3816
3817,c3817,val-3817
3818,c3818,val-3818
3819,c3819,val-3819
3820,c3820,val-3820
3821,c3821,val-3821
3822,c3822,val-3822
3823,c3823,val-3823
3824,c3824,val-3824
3825,c3825,val-3825
3826,c3826,val-3826
3827,c3827,val-3827
3828,c3828,val-3828
3829,c3829,val-3829
3830,c3830,val-3830
3831,c3831,val-3831
3832,c3832,val-3832
3833,c3833,val-3833
3834,c3834,val-3834
3835,c3835,val-3835
3836,c3836,val-3836
3837,c3837,val-3837
3838,c3838,val-3838
3839,c3839,val-3839
3840,c3840,val-3840
3841,c3841,val-3841
3842,c3842,val-3842
3843,c3843,val-3843
3844,c3844,val-3844
3845,c3845,val-3845
3846,c3846,val-3846
3847,c3847,val-3847
3848,c3848,val-3848
3849,c3849,val-3849
3850,c3850,val-3850
3851,c3851,val-3851
3852,c3852,val-3852
3853,c3853,val-3853
3854,c3854,val-3854
3855,c3855,val-3855
3856,c3856,val-3856
3857,c3857,val-3857
3858,c3858,val-3858
3859,c3859,val-3859
3860,c3860,val-3860
3861,c3861,val-3861
3862,c3862,val-3862
3863,c3863,val-3863
3864,c3864,val-3864
3865,c3865,val-3865
3866,c3866,val-3866
3867,c3867,val-3867
3868,c3868,val-3868
3869,c3869,val-3869
3870,c3870,val-3870
3871,c3871,val-3871
3872,c3872,val-3872
3873,c3873,val-3873
3874,c3874,val-3874
3875,c3875,val-3875
3876,c3876,val-3876
3877,c3877,val-3877
3878,c3878,val-3878
3879,c3879,val-3879
3880,c3880,val-3880
3881,c3881,val-3881
3882,c3882,val-3882
3883,c3883,val-3883
3884,c3884,val-3884
3885,c3885,val-3885
3886,c3886,val-3886
3887,c3887,val-3887
3888,c3888,val-3888
3889,c3889,val-3889
3890,c3890,val-3890
3891,c3891,val-3891
3892,c3892,val-3892
3893,c3893,val-3893
3894,c3894,val-3894
3895,c3895,val-3895
3896,c3896,val-3896
3897,c3897,val-3897
3898,c3898,val-3898
3899,c3899,val-3899
3900,c3900,val-3900
3901,c3901,val-3901
3902,c3902,val-3902
3903,c3903,val-3903
3904,c3904,val-3904
3905,c3905,val-3905
3906,c3906,val-3906
3907,c3907,val-3907
3908,c3908,val-3908
3909,c3909,val-3909
3910,c3910,val-3910
3911,c3911,val-3911
3912,c3912,val-3912
3913,c3913,val-3913
3914,c3914,val-3914
3915,c3915,val-3915
3916,c3916,val-3916
3917,c3917,val-3917
3918,c3918,val-3918
3919,c3919,val-3919
3920,c3920,val-3920
3921,c3921,val-3921
3922,c3922,val-3922
3923,c3923,val-3923
3924,c3924,val-3924
3925,c3925,val-3925
3926,c3926,val-3926
3927,c3927,val-3927
3928,c3928,val-3928
3929,c3929,val-3929
3930,c3930,val-3930
3931,c3931,val-3931
3932,c3932,val-3932
3933,c3933,val-3933
3934,c3934,val-3934
3935,c3935,val-3935
3936,c3936,val-3936
3937,c3937,val-3937
3938,c3938,val-3938
3939,c3939,val-3939
3940,c3940,val-3940
3941,c3941,val-3941
3942,c3942,val-3942
3943,c3943,val-3943
3944,c3944,val-3944
3945,c3945,val-3945
3946,c3946,val-3946
3947,c3947,val-3947
3948,c3948,val-3948
3949,c3949,val-3949
3950,c3950,val-3950
3951,c3951,val-3951
3952,c3952,val-3952
3953,c3953,val-3953
3954,c3954,val-3954
3955,c3955,val-3955
3956,c3956,val-3956
3957,c3957,val-3957
3958,c3958,val-3958
3959,c3959,val-3959
3960,c3960,val-3960
3961,c3961,val-3961
3962,c3962,val-3962
3963,c3963,val-3963
3964,c3964,val-3964
3965,c3965,val-3965
3966,c3966,val-3966
3967,c3967,val-3967
3968,c3968,val-3968
3969,c3969,val-3969
3970,c3970,val-3970
3971,c3971,val-3971
3972,c3972,val-3972
3973,c3973,val-3973
3974,c3974,val-3974
3975,c3975,val-3975
3976,c3976,val-3976
3977,c3977,val-3977
3978,c3978,val-3978
3979,c3979,val-3979
3980,c3980,val-3980
3981,c3981,val-3981
3982,c3982,val-3982
3983,c3983,val-3983
3984,c3984,val-3984
3985,c3985,val-3985
3986,c3986,val-3986
3987,c3987,val-3987
3988,c3988,val-3988
3989,c3989,val-3989
3990,c3990,val-3990
3991,c3991,val-3991
3992,c3992,val-3992
3993,c3993,val-3993
3994,c3994,val-3994
3995,c3995,val-3995
3996,c3996,val-3996
3997,c3997,val-3997
3998,c3998,val-3998
3999,c3999,val-3999
4000,c4000,val-4000
